joint_vel_0,joint_vel_1,joint_vel_2,joint_vel_3,joint_vel_4,joint_vel_5,joint_vel_6,joint_vel_7,joint_vel_8,joint_vel_9,joint_vel_10,joint_vel_11,joint_vel_12,joint_vel_13,joint_vel_14,joint_vel_15,joint_vel_16,joint_vel_17,joint_vel_18,joint_vel_19,joint_vel_20,joint_vel_21,joint_vel_22,joint_vel_23,joint_vel_24,joint_vel_25,joint_vel_26,joint_vel_27,joint_vel_28
0.012397,0.038222,0.016888,0.001712,-0.014446,0.006256,0.005991,-0.046270,-0.039548,-0.010655,-0.001921,0.048245,0.069332,-0.042693,0.017195,0.009805,-0.010384,0.005675,0.029226,-0.008475,-0.033963,0.013038,-0.029264,0.043980,-0.007716,0.023443,0.032841,-0.103691,0.047047
0.009014,0.037552,0.014345,-0.000500,-0.015079,0.005949,0.001436,-0.046738,-0.037838,-0.006437,-0.001337,0.045108,0.065857,-0.037565,0.013436,0.007734,-0.006774,0.008619,0.026914,-0.005510,-0.032554,0.011513,-0.030720,0.048126,0.005080,0.019989,0.027600,-0.098652,0.043519
-0.001135,0.035544,0.006716,-0.007138,-0.016976,0.005027,-0.012228,-0.048140,-0.032707,0.006219,0.000414,0.035695,0.055433,-0.022178,0.002158,0.001521,0.004055,0.017452,0.019979,0.003386,-0.028326,0.006938,-0.035088,0.060563,0.043469,0.009627,0.011877,-0.083536,0.032935
-0.007887,0.031928,0.002345,-0.011611,-0.015761,0.001840,-0.024454,-0.044968,-0.028008,0.020675,0.001223,0.031137,0.048330,-0.015683,-0.008434,-0.004499,0.010928,0.025227,0.013288,0.009526,-0.016491,0.004470,-0.034019,0.070074,0.069249,0.010217,-0.001406,-0.055875,0.020988
-0.007864,0.028513,0.003417,-0.011682,-0.012042,-0.002019,-0.029128,-0.038808,-0.026091,0.029704,0.000686,0.033713,0.048100,-0.021326,-0.013045,-0.007315,0.010408,0.028057,0.010185,0.009841,-0.002965,0.005342,-0.028047,0.071905,0.069530,0.021463,-0.005608,-0.029499,0.013651
-0.011105,0.023211,-0.000693,-0.008807,-0.008900,-0.004201,-0.030115,-0.029107,-0.022367,0.024216,0.001453,0.026408,0.047100,-0.017470,-0.016896,-0.008554,0.019463,0.024072,0.006846,0.005050,-0.001987,0.012809,-0.025686,0.028943,0.060527,0.015810,-0.003478,-0.004309,0.004026
-0.013819,0.019278,-0.003855,-0.006029,-0.007219,-0.005909,-0.030053,-0.018846,-0.018806,0.015316,0.000643,0.015742,0.046102,-0.012084,-0.018767,-0.010209,0.026950,0.018767,0.004069,-0.000019,-0.001144,0.018058,-0.023051,-0.014265,0.051157,0.004387,-0.001016,0.012913,-0.002751
-0.012214,0.019969,0.000062,-0.006391,-0.007883,-0.008345,-0.031580,-0.011007,-0.017383,0.014108,-0.004623,0.008231,0.045874,-0.013134,-0.017436,-0.014279,0.021731,0.017636,0.002652,-0.000540,0.011973,0.012280,-0.016256,-0.013174,0.050337,-0.001676,-0.004223,0.015387,-0.001545
-0.012941,0.016648,-0.001134,-0.008311,-0.009262,-0.010314,-0.033094,-0.007321,-0.014718,0.009628,-0.011511,0.006867,0.046406,-0.009652,-0.012250,-0.011369,0.018119,0.015062,0.000463,0.000403,0.018213,0.013842,-0.006720,-0.013967,0.033522,-0.008165,-0.014200,0.012973,-0.003958
-0.015636,0.010976,-0.006847,-0.010828,-0.010667,-0.010831,-0.033839,-0.009631,-0.012143,0.004116,-0.016575,0.012332,0.047431,-0.003378,-0.005802,-0.002935,0.017921,0.012332,-0.001404,0.002338,0.014454,0.021964,0.000789,-0.016249,0.009118,-0.011835,-0.025959,0.006878,-0.008784
-0.025351,0.011782,-0.010574,-0.010715,-0.009360,-0.011533,-0.031475,-0.004664,-0.009018,0.005307,-0.016608,0.008963,0.043417,0.000474,-0.006453,-0.000167,0.014436,0.011737,0.000918,0.010147,0.007533,0.019732,0.008794,-0.022810,-0.018801,-0.016583,-0.018641,-0.002831,-0.006095
-0.031636,0.013343,-0.011878,-0.010046,-0.007859,-0.012091,-0.027401,0.001334,-0.005979,0.008349,-0.014840,0.002376,0.038902,0.000318,-0.007270,0.000451,0.012064,0.011788,0.004816,0.018730,0.000666,0.017754,0.015993,-0.031863,-0.034719,-0.022682,-0.008556,-0.010351,0.001545
-0.024037,0.009937,-0.010321,-0.010895,-0.008679,-0.012176,-0.023015,0.002114,-0.003662,0.008392,-0.014499,-0.001813,0.038422,-0.005436,-0.001322,0.002435,0.015200,0.010996,0.007680,0.022982,-0.002934,0.026639,0.021081,-0.041619,-0.023121,-0.030402,-0.012013,-0.009880,0.011572
-0.015557,0.007538,-0.007433,-0.012712,-0.009736,-0.011378,-0.020138,0.000345,0.000785,0.006485,-0.009671,-0.001337,0.037612,-0.008097,0.001720,-0.000532,0.017715,0.010239,0.008405,0.023267,-0.008511,0.024370,0.024535,-0.044790,0.002073,-0.028928,-0.009646,-0.006441,0.013150
-0.010433,0.007346,-0.004657,-0.014588,-0.010502,-0.010096,-0.020209,-0.003087,0.005138,0.003581,-0.002769,0.003566,0.036878,-0.006336,0.000338,-0.006965,0.018351,0.009894,0.006629,0.019441,-0.013277,0.012082,0.024629,-0.039791,0.028266,-0.018996,-0.002638,-0.001754,0.005490
-0.006688,0.001315,-0.005691,-0.012531,-0.009196,-0.006743,-0.013391,-0.005487,0.007785,0.001858,0.000131,0.002673,0.027716,-0.005110,0.003581,-0.005904,0.009440,0.009086,0.003098,0.017110,-0.010450,0.004521,0.016591,-0.039732,0.059620,-0.012225,-0.005547,0.003816,-0.005143
-0.002959,-0.005323,-0.007376,-0.009481,-0.007067,-0.003831,-0.006228,-0.005932,0.008984,-0.001695,-0.000129,-0.001483,0.018709,-0.004126,0.007174,-0.000198,-0.001501,0.007780,-0.001134,0.012990,-0.005664,-0.000963,0.006013,-0.037653,0.082752,-0.008484,-0.009883,0.007395,-0.011472
0.002119,-0.007335,-0.006548,-0.008378,-0.005363,-0.003872,-0.005264,-0.003497,0.008993,-0.010088,-0.002704,-0.006372,0.018442,-0.003089,0.006839,0.007302,-0.006951,0.005943,-0.005013,0.003796,-0.004552,-0.007021,-0.001512,-0.026592,0.084282,-0.007644,-0.007157,0.006109,-0.006221
0.004433,-0.011273,-0.006293,-0.007947,-0.003592,-0.003420,-0.000304,0.004704,0.009447,-0.012434,-0.000576,-0.010150,0.015162,0.002390,0.006700,0.012191,-0.012771,0.005100,-0.009245,-0.004554,0.001014,-0.016515,-0.002950,-0.019290,0.071895,-0.005006,-0.003290,0.007827,-0.011472
0.002825,-0.015167,-0.006740,-0.008404,-0.002641,-0.002702,0.006171,0.014571,0.010120,-0.007560,0.005190,-0.010928,0.010510,0.009570,0.006828,0.012025,-0.016050,0.005674,-0.011714,-0.007885,0.008251,-0.024696,0.002418,-0.019399,0.051784,-0.001890,-0.000217,0.011690,-0.024599
0.000333,-0.021000,-0.003685,-0.005367,0.000568,-0.002424,0.014237,0.024640,0.004878,-0.015355,0.006598,-0.014553,0.004824,0.013257,0.010126,0.015461,-0.017588,0.006223,-0.011868,-0.002566,0.007705,-0.019932,-0.002607,-0.009650,0.025653,-0.008871,-0.000319,0.024703,-0.022362
-0.003084,-0.026215,-0.001151,-0.002419,0.002751,-0.002183,0.019690,0.029528,0.001043,-0.021116,0.006873,-0.017466,-0.001632,0.014118,0.012345,0.017834,-0.018045,0.007153,-0.010306,0.002011,0.004348,-0.013428,-0.007322,0.000211,0.001044,-0.014516,-0.002035,0.034680,-0.015320
-0.007464,-0.028257,-0.003160,-0.003144,0.000625,-0.001577,0.018326,0.023853,0.005937,-0.010137,0.009239,-0.016110,-0.008599,0.012820,0.009232,0.014479,-0.018080,0.008868,-0.007626,-0.003548,0.003156,-0.016394,-0.001023,0.000439,-0.014502,-0.007393,-0.003806,0.029435,-0.014033
-0.012180,-0.029584,-0.004519,-0.003810,-0.001403,-0.002608,0.015642,0.023159,0.008972,-0.007223,0.007389,-0.014838,-0.010941,0.012453,0.006682,0.012277,-0.016837,0.010505,-0.007778,-0.006794,0.002005,-0.011218,0.004941,-0.004469,-0.017429,-0.003881,-0.008731,0.029834,-0.013068
-0.014873,-0.029532,-0.004546,-0.004083,-0.002321,-0.004762,0.012979,0.027792,0.008629,-0.013830,0.002246,-0.014287,-0.007487,0.013198,0.005972,0.012329,-0.014939,0.011247,-0.010686,-0.006104,0.001470,-0.000489,0.007589,-0.012059,-0.006275,-0.005736,-0.014349,0.035679,-0.012909
-0.016498,-0.026582,-0.006531,-0.004846,-0.001256,-0.004937,0.011034,0.030038,0.009577,-0.011470,0.004389,-0.010164,-0.003864,0.009920,0.001449,0.007388,-0.009035,0.006639,-0.011969,0.003741,0.001926,0.005078,0.010160,-0.026768,0.016435,-0.011130,-0.012607,0.028336,-0.025927
-0.015312,-0.024330,-0.008127,-0.004444,0.001893,-0.004681,0.010459,0.031040,0.010931,-0.006274,0.007143,-0.005024,-0.001004,0.005750,0.000361,0.003779,-0.003724,0.000785,-0.012108,0.011716,0.001016,0.010492,0.009939,-0.038086,0.032552,-0.016169,-0.006851,0.018266,-0.036833
-0.009571,-0.026368,-0.006990,-0.001220,0.007228,-0.005540,0.011904,0.031940,0.011804,-0.004376,0.003836,-0.001421,0.000162,0.003822,0.009954,0.007823,-0.003602,-0.002217,-0.011586,0.006792,-0.003615,0.020762,0.004208,-0.035506,0.023923,-0.016958,-0.000428,0.015932,-0.030335
-0.003439,-0.026794,-0.005440,0.003151,0.009550,-0.006505,0.019890,0.031090,0.012321,-0.008134,0.000884,0.002002,0.005593,0.002975,0.014343,0.007376,0.003556,-0.003174,-0.007910,0.001539,-0.003064,0.026899,0.006750,-0.029845,0.018864,-0.014411,-0.001445,0.013260,-0.025568
0.000017,-0.025394,-0.004253,0.006483,0.007697,-0.007092,0.030423,0.028915,0.012224,-0.015670,-0.000237,0.003533,0.012573,0.003632,0.011334,0.002660,0.014171,-0.001607,-0.002918,-0.001417,0.002394,0.025834,0.016293,-0.023934,0.019905,-0.009801,-0.009394,0.011585,-0.024916
0.000049,-0.025646,-0.006376,0.008412,0.009423,-0.005549,0.033723,0.028541,0.011299,-0.015326,0.001322,0.003384,0.007849,0.004940,0.010111,0.005987,0.021565,-0.002247,-0.003924,-0.011014,-0.004135,0.030658,0.015480,-0.015836,0.008127,-0.008201,-0.013480,0.004981,-0.020128
-0.001623,-0.026543,-0.008263,0.008874,0.012009,-0.004171,0.032254,0.028832,0.010673,-0.013317,0.001728,0.001349,0.000171,0.006292,0.010364,0.009182,0.027171,-0.003087,-0.006130,-0.017227,-0.016753,0.040230,0.012795,-0.009873,-0.003106,-0.009744,-0.012724,-0.000720,-0.015698
-0.003281,-0.027080,-0.006372,0.007806,0.012735,-0.005254,0.028478,0.028656,0.011471,-0.015859,-0.002849,-0.002775,-0.001709,0.007081,0.011784,0.004071,0.032422,-0.002117,-0.004743,-0.010028,-0.029561,0.053412,0.016726,-0.010364,-0.000428,-0.014560,-0.006145,0.000313,-0.016120
-0.005940,-0.025426,-0.008278,0.007351,0.012795,-0.007627,0.023837,0.027034,0.013232,-0.023169,-0.007273,-0.004482,-0.000300,0.010323,0.011084,0.002796,0.036946,-0.003266,-0.003614,-0.009329,-0.037550,0.051963,0.017960,-0.004823,-0.002279,-0.016299,-0.003367,0.004855,-0.015676
-0.008273,-0.022409,-0.013030,0.007737,0.012159,-0.010104,0.020651,0.024777,0.015077,-0.031592,-0.009333,-0.002919,0.003694,0.014397,0.008615,0.005993,0.038482,-0.005959,-0.003308,-0.015480,-0.036726,0.036607,0.015879,0.003980,-0.007734,-0.014094,-0.005778,0.010634,-0.014590
-0.007895,-0.025137,-0.013763,0.007634,0.012000,-0.009771,0.017550,0.015967,0.019582,-0.030398,-0.009535,-0.012723,-0.003532,0.013592,0.012471,0.009049,0.042955,-0.005497,-0.003835,-0.010723,-0.032455,0.031920,0.029537,0.003169,-0.006519,-0.021442,-0.003860,0.013686,-0.003407
-0.008356,-0.029391,-0.012565,0.006822,0.011798,-0.008472,0.015793,0.009533,0.024021,-0.028590,-0.009157,-0.025980,-0.012154,0.014414,0.016803,0.011908,0.046924,-0.004296,-0.004425,-0.008021,-0.027444,0.029174,0.044904,-0.003159,-0.002591,-0.028534,-0.001499,0.017027,0.007296
-0.013205,-0.030952,-0.011523,0.005081,0.011037,-0.008052,0.016642,0.014407,0.025670,-0.035170,-0.009477,-0.034771,-0.012354,0.023370,0.015764,0.014518,0.046949,-0.004771,-0.004308,-0.020336,-0.024398,0.019641,0.047953,-0.010906,0.000092,-0.025561,-0.002580,0.023676,0.006945
-0.021170,-0.033830,-0.010280,0.003499,0.009076,-0.008056,0.009811,0.015146,0.027928,-0.037213,-0.013484,-0.039632,-0.009892,0.030046,0.019344,0.013086,0.042496,-0.003658,-0.004010,-0.022777,-0.017500,0.011883,0.049398,-0.014663,0.002259,-0.021484,-0.003953,0.021284,0.013445
-0.028271,-0.036586,-0.009456,0.002866,0.006895,-0.008482,-0.001284,0.011380,0.029666,-0.033698,-0.019175,-0.038132,-0.005999,0.031103,0.025754,0.008327,0.035790,-0.001513,-0.003679,-0.014123,-0.010198,0.009781,0.048517,-0.012552,0.002826,-0.018342,-0.004932,0.011047,0.023546
-0.036124,-0.045278,-0.005227,0.001238,0.005014,-0.009541,-0.006747,0.006482,0.032071,-0.027639,-0.020469,-0.039168,-0.005213,0.036273,0.029489,0.005051,0.035571,0.000301,-0.003968,-0.012762,-0.000691,0.013717,0.040597,0.000163,0.002912,-0.019884,-0.015607,0.009303,0.017538
-0.045468,-0.055156,-0.000908,-0.000726,0.002974,-0.010092,-0.007885,0.003716,0.036224,-0.020728,-0.018886,-0.041579,-0.010956,0.043725,0.031525,0.004694,0.034998,0.002918,-0.004165,-0.013777,0.006620,0.016573,0.035391,0.013799,0.001765,-0.023553,-0.023057,0.006430,0.006132
-0.057041,-0.061470,0.000189,-0.002369,0.000315,-0.008997,-0.006007,0.006345,0.043206,-0.014657,-0.015951,-0.044202,-0.026651,0.051627,0.032834,0.008688,0.027225,0.007468,-0.003560,-0.012253,0.007334,0.011229,0.042648,0.018673,-0.001370,-0.026791,-0.014357,-0.007195,0.000043
-0.068488,-0.069721,-0.000921,-0.004331,-0.002562,-0.008017,-0.003622,0.007731,0.051062,-0.012141,-0.018369,-0.046090,-0.043826,0.057438,0.038063,0.006955,0.015218,0.011614,-0.001968,-0.008837,0.010122,0.005792,0.044759,0.014442,-0.007486,-0.027826,-0.005805,-0.017849,-0.009160
-0.074086,-0.075782,-0.003682,-0.005630,-0.004218,-0.007643,-0.001921,0.007182,0.055864,-0.014437,-0.024930,-0.046297,-0.053894,0.058253,0.044597,0.000362,0.004979,0.013283,-0.000185,-0.005238,0.013588,0.002979,0.040668,0.003222,-0.013525,-0.026141,-0.001676,-0.020206,-0.016874
-0.085013,-0.085590,-0.002700,-0.009208,-0.006682,-0.009143,-0.002799,0.005565,0.064195,-0.012804,-0.017578,-0.045611,-0.068107,0.060432,0.043808,0.000897,-0.001542,0.017905,-0.002600,0.002242,0.000934,0.001367,0.034198,0.012828,-0.004137,-0.021817,-0.001170,-0.022599,-0.029085
-0.096672,-0.096249,-0.002135,-0.013646,-0.008880,-0.010527,-0.004979,0.004253,0.073227,-0.013556,-0.011183,-0.045633,-0.078558,0.063646,0.045112,0.002107,-0.005913,0.021168,-0.006371,0.008936,-0.014517,-0.003146,0.024821,0.018163,0.008490,-0.016524,-0.003926,-0.023578,-0.038731
-0.104468,-0.104862,-0.006146,-0.017520,-0.009737,-0.009806,-0.007183,0.004621,0.080128,-0.023008,-0.020618,-0.047962,-0.077344,0.067565,0.057926,-0.002458,-0.009702,0.018759,-0.008661,0.010180,-0.019442,-0.014664,0.012007,-0.005872,0.012167,-0.011931,-0.009584,-0.021691,-0.038753
-0.116971,-0.116160,-0.007278,-0.020085,-0.010719,-0.009178,-0.002269,0.003384,0.090166,-0.030136,-0.024688,-0.058483,-0.085948,0.070349,0.064903,-0.003039,-0.013480,0.015795,-0.012314,0.001348,-0.019323,-0.023531,0.001614,-0.003570,0.021456,-0.018067,-0.015451,-0.019794,-0.037416
-0.127930,-0.124493,-0.004964,-0.020059,-0.011334,-0.008956,0.007306,0.001162,0.098322,-0.031376,-0.021359,-0.071936,-0.100068,0.070608,0.062555,0.000655,-0.015358,0.013758,-0.015504,-0.013144,-0.014221,-0.025314,-0.001162,0.023918,0.031712,-0.031863,-0.018593,-0.018835,-0.035388
-0.146059,-0.142889,-0.002162,-0.021852,-0.014699,-0.010034,0.007540,-0.000420,0.109081,-0.031984,-0.020211,-0.088169,-0.113481,0.075574,0.062672,0.008917,-0.023270,0.018418,-0.015990,-0.022851,0.006262,-0.034219,-0.016176,0.014514,0.036846,-0.028936,-0.021774,-0.025490,-0.030886
-0.165698,-0.162946,-0.000075,-0.023914,-0.018180,-0.011363,0.005076,-0.001428,0.121322,-0.032347,-0.019922,-0.108230,-0.129399,0.082588,0.065864,0.016792,-0.029864,0.025033,-0.014169,-0.031515,0.025487,-0.044002,-0.027077,-0.004644,0.044459,-0.023123,-0.026482,-0.035377,-0.029422
-0.181189,-0.176262,0.000095,-0.024693,-0.019142,-0.011891,0.006555,-0.001926,0.133923,-0.032852,-0.019171,-0.133161,-0.151036,0.088989,0.072741,0.019323,-0.027791,0.028860,-0.010439,-0.042880,0.026818,-0.048422,-0.017512,-0.006419,0.062156,-0.028261,-0.034206,-0.044113,-0.036503
-0.203682,-0.198602,0.000915,-0.026014,-0.020847,-0.014895,0.002777,0.000281,0.147845,-0.039846,-0.025641,-0.155421,-0.171657,0.100883,0.085612,0.025327,-0.027735,0.034553,-0.005480,-0.049789,0.050830,-0.042944,-0.006758,-0.003250,0.055090,-0.031119,-0.041815,-0.046605,-0.034922
-0.221932,-0.218796,0.001976,-0.027216,-0.022442,-0.018872,-0.004369,0.004087,0.156128,-0.049832,-0.036098,-0.163879,-0.180952,0.112322,0.098041,0.031803,-0.029724,0.039266,-0.001773,-0.048786,0.085517,-0.030307,-0.000191,0.003278,0.026795,-0.030266,-0.045505,-0.041607,-0.025469
-0.246742,-0.243793,-0.000520,-0.031728,-0.020904,-0.023691,-0.016877,0.006264,0.169715,-0.046727,-0.030129,-0.186631,-0.205034,0.122838,0.105438,0.036109,-0.024201,0.044593,0.004247,-0.040290,0.099028,-0.010384,0.006788,0.011084,0.020585,-0.022834,-0.044699,-0.044911,-0.024121
-0.271393,-0.266462,-0.003494,-0.036821,-0.020356,-0.028398,-0.029200,0.005620,0.184420,-0.044559,-0.022698,-0.209917,-0.229476,0.132702,0.112130,0.040025,-0.018778,0.047126,0.008748,-0.032532,0.108447,0.007571,0.011771,0.021184,0.020918,-0.018616,-0.044736,-0.053640,-0.027348
-0.289164,-0.279677,-0.003866,-0.039766,-0.024918,-0.032043,-0.035789,0.000966,0.196056,-0.057354,-0.028767,-0.219976,-0.239856,0.142187,0.122446,0.045330,-0.021066,0.043457,0.007897,-0.033747,0.130859,0.014302,0.012350,0.034593,0.012253,-0.027408,-0.050954,-0.064917,-0.031618
-0.311952,-0.299001,0.001144,-0.043877,-0.030244,-0.036320,-0.047385,-0.006408,0.218673,-0.064620,-0.025412,-0.248737,-0.260148,0.152314,0.131189,0.050569,-0.027172,0.045022,0.006757,-0.026447,0.164006,0.026747,0.007425,0.039513,0.000813,-0.033521,-0.059536,-0.079183,-0.029460
-0.328361,-0.314773,0.009031,-0.047099,-0.033669,-0.039090,-0.058191,-0.012815,0.240961,-0.062724,-0.014311,-0.281819,-0.280207,0.158021,0.133990,0.053122,-0.034044,0.051038,0.005896,-0.014281,0.191317,0.038682,-0.000541,0.033485,-0.007682,-0.033899,-0.066191,-0.089303,-0.021953
-0.343286,-0.331578,0.021464,-0.047460,-0.036915,-0.041825,-0.062327,-0.021140,0.281467,-0.041533,0.021885,-0.324360,-0.311456,0.152436,0.118818,0.058502,-0.036197,0.057192,0.004433,-0.018837,0.218387,0.058364,-0.004817,0.005244,-0.021186,-0.036745,-0.076822,-0.084179,-0.035444
-0.353110,-0.345049,0.029798,-0.047395,-0.043518,-0.045037,-0.064695,-0.028823,0.327135,-0.016675,0.072181,-0.364700,-0.345091,0.144608,0.091813,0.063438,-0.041014,0.062173,0.000456,-0.028069,0.241374,0.070737,-0.012495,-0.032610,-0.031763,-0.040702,-0.086298,-0.067724,-0.053577
-0.354218,-0.350819,0.025389,-0.049338,-0.057016,-0.049242,-0.070194,-0.033308,0.364910,-0.003778,0.125578,-0.391183,-0.372307,0.143589,0.059113,0.064661,-0.055875,0.064672,-0.007947,-0.029929,0.256438,0.060746,-0.030665,-0.067477,-0.031478,-0.044410,-0.089492,-0.043850,-0.059994
-0.358782,-0.378361,0.028649,-0.054730,-0.075354,-0.055515,-0.080638,-0.042826,0.423796,0.036329,0.229548,-0.442433,-0.407997,0.124734,0.005022,0.069503,-0.070521,0.069737,-0.020790,-0.028484,0.246871,0.073876,-0.058780,-0.111028,-0.025438,-0.053093,-0.092401,-0.010417,-0.073065
-0.364520,-0.413903,0.037949,-0.060874,-0.089364,-0.060719,-0.090805,-0.052617,0.474349,0.083592,0.332106,-0.492826,-0.434316,0.097470,-0.043417,0.075542,-0.077629,0.074836,-0.031650,-0.024454,0.217457,0.103561,-0.082780,-0.141487,-0.016661,-0.062411,-0.093573,0.015859,-0.086253
-0.389216,-0.477186,0.036274,-0.071358,-0.118893,-0.068771,-0.104677,-0.059016,0.541285,0.154636,0.505545,-0.555976,-0.483817,0.064151,-0.135581,0.081142,-0.086350,0.081218,-0.047019,-0.025240,0.180064,0.138091,-0.118085,-0.170268,0.012418,-0.063207,-0.100806,0.049715,-0.125986
-0.432223,-0.553957,0.027288,-0.082116,-0.153360,-0.077486,-0.120771,-0.066521,0.612141,0.249865,0.700008,-0.623482,-0.537008,0.024240,-0.237926,0.087470,-0.096426,0.089249,-0.060418,-0.033870,0.143100,0.169528,-0.151860,-0.194694,0.044916,-0.058422,-0.108667,0.079590,-0.173665
-0.492893,-0.629964,0.014651,-0.089082,-0.182183,-0.084678,-0.137602,-0.079627,0.674456,0.369688,0.865633,-0.686946,-0.574397,-0.022802,-0.316906,0.095688,-0.107600,0.099301,-0.065365,-0.053372,0.114975,0.189935,-0.171273,-0.212087,0.063949,-0.050993,-0.111720,0.093925,-0.210694
-0.590940,-0.721548,0.003974,-0.090568,-0.215200,-0.088229,-0.157685,-0.098675,0.753436,0.557198,1.042311,-0.783136,-0.636462,-0.100139,-0.392848,0.103184,-0.110589,0.111929,-0.065766,-0.086593,0.083167,0.219329,-0.182868,-0.208631,0.083771,-0.041038,-0.122082,0.101091,-0.251891
-0.677341,-0.782918,0.000597,-0.085831,-0.235902,-0.086363,-0.170978,-0.114139,0.809592,0.718641,1.141701,-0.863958,-0.692169,-0.169105,-0.427782,0.106210,-0.103898,0.120819,-0.061420,-0.116923,0.063580,0.243013,-0.180848,-0.186054,0.094472,-0.033533,-0.134570,0.097503,-0.276657
-0.788121,-0.839429,-0.008361,-0.078200,-0.243644,-0.074088,-0.186820,-0.130659,0.884921,0.891341,1.209800,-0.990356,-0.786885,-0.228517,-0.442719,0.116684,-0.100586,0.121137,-0.048612,-0.176227,0.040307,0.263009,-0.163104,-0.169347,0.111705,-0.021849,-0.128213,0.091059,-0.301873
-0.893224,-0.893459,-0.013732,-0.068551,-0.241436,-0.057643,-0.200874,-0.139353,0.952790,1.027245,1.246063,-1.117465,-0.888404,-0.265649,-0.440246,0.127339,-0.096019,0.117842,-0.034240,-0.240273,0.027822,0.274079,-0.128118,-0.162834,0.116091,-0.008152,-0.117428,0.081266,-0.312160
-0.962596,-0.947385,-0.006349,-0.057756,-0.232289,-0.043265,-0.208805,-0.131341,0.986565,1.078299,1.249945,-1.200418,-0.964522,-0.267775,-0.422947,0.130907,-0.085564,0.115891,-0.025199,-0.284830,0.040596,0.270982,-0.074369,-0.170835,0.088252,0.005393,-0.116630,0.067631,-0.292136
-1.051172,-1.029448,-0.005053,-0.047152,-0.224834,-0.026866,-0.201610,-0.116058,1.022567,1.119699,1.255704,-1.307579,-1.088913,-0.263385,-0.402746,0.126719,-0.074526,0.107277,-0.016193,-0.328581,0.062078,0.252973,-0.005974,-0.178445,0.045316,0.018729,-0.103974,0.050529,-0.259684
-1.114664,-1.098615,-0.010493,-0.042039,-0.222797,-0.016647,-0.182887,-0.101146,1.042795,1.130744,1.260460,-1.385367,-1.199381,-0.254675,-0.389744,0.116869,-0.068424,0.096306,-0.011725,-0.349650,0.081527,0.229056,0.042870,-0.181858,0.008752,0.025186,-0.085789,0.038513,-0.231030
-1.192746,-1.197313,0.000848,-0.030248,-0.218308,-0.014795,-0.151421,-0.052871,1.042112,1.150298,1.269895,-1.458313,-1.313268,-0.251891,-0.371545,0.105059,-0.074013,0.082537,-0.005775,-0.345669,0.112594,0.169855,0.075988,-0.201519,-0.050272,0.022089,-0.053764,0.049564,-0.207167
-1.265928,-1.302664,0.014984,-0.019429,-0.212213,-0.020571,-0.111952,0.008501,1.029194,1.167572,1.280401,-1.511965,-1.412506,-0.255323,-0.347660,0.092298,-0.089655,0.073652,-0.000008,-0.317806,0.136657,0.097448,0.074396,-0.231758,-0.108354,0.006901,-0.020919,0.081248,-0.195724
-1.314721,-1.391790,0.017931,-0.017231,-0.205359,-0.033234,-0.069223,0.062702,1.012716,1.171777,1.288367,-1.531870,-1.479026,-0.265256,-0.317602,0.079596,-0.113712,0.077335,0.003910,-0.267232,0.135093,0.033914,0.019113,-0.266901,-0.142090,-0.022914,-0.000273,0.131127,-0.204331
-1.387771,-1.509733,0.006916,-0.010685,-0.191545,-0.056700,-0.019236,0.138842,0.977875,1.174089,1.307181,-1.543351,-1.552126,-0.269671,-0.284513,0.073224,-0.149824,0.086076,0.007537,-0.203849,0.120347,-0.045600,-0.110138,-0.333408,-0.125376,-0.068825,-0.010108,0.201155,-0.237867
-1.448551,-1.597521,-0.012553,-0.003062,-0.177678,-0.079235,0.013016,0.198851,0.942092,1.173353,1.327436,-1.540669,-1.595256,-0.266360,-0.264938,0.076369,-0.179934,0.095504,0.009061,-0.159348,0.099792,-0.101337,-0.248733,-0.398026,-0.066568,-0.107878,-0.045507,0.256319,-0.279563
-1.510915,-1.673080,-0.042916,-0.013609,-0.175226,-0.119077,0.028842,0.261539,0.874058,1.208453,1.348114,-1.521496,-1.607482,-0.278501,-0.249416,0.091382,-0.217490,0.110426,0.017195,-0.124904,0.103420,-0.105394,-0.413481,-0.462239,0.006366,-0.153399,-0.131802,0.285382,-0.314822
-1.587957,-1.751492,-0.071645,-0.022137,-0.180169,-0.154054,0.035091,0.313573,0.790710,1.284263,1.386446,-1.526948,-1.612680,-0.304811,-0.248182,0.102577,-0.240345,0.124536,0.022671,-0.102778,0.124720,-0.050866,-0.512253,-0.506179,0.064929,-0.190205,-0.219999,0.287376,-0.321165
-1.692773,-1.847839,-0.086217,-0.008457,-0.188485,-0.161990,0.038610,0.341618,0.708986,1.405657,1.459665,-1.598143,-1.634725,-0.344006,-0.271475,0.094269,-0.226354,0.131533,0.016220,-0.095229,0.157180,0.069151,-0.452921,-0.509975,0.080622,-0.203117,-0.261101,0.261332,-0.276115
-1.820151,-1.955067,-0.098090,0.006517,-0.197195,-0.156213,0.042061,0.357992,0.613344,1.559695,1.556276,-1.683456,-1.672043,-0.394076,-0.316570,0.103400,-0.208607,0.131444,0.016783,-0.111278,0.193698,0.205035,-0.325710,-0.480376,0.055650,-0.207181,-0.273026,0.233350,-0.230553
-1.906401,-2.019562,-0.101329,0.015297,-0.201944,-0.139612,0.043719,0.354509,0.551606,1.669359,1.627972,-1.740232,-1.705976,-0.429986,-0.360919,0.125403,-0.195980,0.124315,0.024076,-0.142901,0.216015,0.288844,-0.194224,-0.432180,0.002499,-0.200366,-0.249812,0.217422,-0.207259
-2.060657,-2.158313,-0.104005,0.038342,-0.190025,-0.113348,0.043070,0.363021,0.417132,1.803604,1.740551,-1.786627,-1.736705,-0.471985,-0.399446,0.141780,-0.181287,0.124338,0.018874,-0.192762,0.230215,0.364353,-0.028944,-0.391064,-0.027265,-0.193612,-0.226557,0.211738,-0.176197
-2.220799,-2.306065,-0.099684,0.061712,-0.174156,-0.087784,0.043475,0.377097,0.271404,1.936239,1.852454,-1.821711,-1.758783,-0.518054,-0.430578,0.157547,-0.170194,0.128669,0.010554,-0.234907,0.240857,0.418257,0.128214,-0.352265,-0.029017,-0.193057,-0.209086,0.213918,-0.141695
-2.324703,-2.397564,-0.081931,0.071464,-0.167055,-0.073279,0.048295,0.390309,0.175900,2.041073,1.922120,-1.844557,-1.766761,-0.566173,-0.452738,0.177718,-0.168367,0.134465,0.008494,-0.243384,0.252499,0.437253,0.235334,-0.311019,0.001867,-0.204839,-0.203228,0.221583,-0.108082
-2.450837,-2.511878,-0.072163,0.090493,-0.159760,-0.056709,0.044104,0.399665,0.091320,2.180125,2.037857,-1.883122,-1.794316,-0.637297,-0.503837,0.210887,-0.169542,0.137847,-0.002188,-0.269802,0.248562,0.442017,0.352104,-0.276903,0.065286,-0.220842,-0.193240,0.217366,-0.058872
-2.536132,-2.591849,-0.075262,0.109284,-0.155919,-0.046357,0.032998,0.400487,0.059954,2.283867,2.141795,-1.918126,-1.827670,-0.695864,-0.558325,0.240467,-0.173131,0.137125,-0.016152,-0.300952,0.231013,0.430168,0.420140,-0.266974,0.129530,-0.233065,-0.184117,0.203375,-0.018670
-2.631340,-2.694346,-0.072914,0.139524,-0.133857,-0.035986,0.018498,0.400214,0.027796,2.383424,2.231026,-1.927338,-1.863647,-0.768436,-0.602285,0.300540,-0.186922,0.130632,-0.029058,-0.317572,0.179405,0.358772,0.473325,-0.234193,0.242766,-0.268711,-0.200124,0.212478,0.009968
-2.719727,-2.791837,-0.073317,0.170444,-0.107921,-0.030900,0.010156,0.401104,0.004395,2.464710,2.306741,-1.932315,-1.900528,-0.837763,-0.637441,0.369460,-0.203992,0.121600,-0.039281,-0.339903,0.123097,0.269702,0.499430,-0.210037,0.363830,-0.307284,-0.230836,0.230617,0.023151
-2.784563,-2.856786,-0.084674,0.191276,-0.092457,-0.036406,0.017525,0.405415,-0.000698,2.513642,2.370131,-1.954613,-1.936590,-0.886596,-0.665516,0.425584,-0.217416,0.113262,-0.045194,-0.388188,0.091448,0.204829,0.486226,-0.225984,0.451559,-0.328285,-0.265829,0.243735,0.016984
-2.872158,-2.948164,-0.101581,0.221423,-0.072561,-0.051702,0.029824,0.414401,-0.009450,2.571130,2.432764,-1.966022,-1.990981,-0.931933,-0.693585,0.499124,-0.236211,0.106460,-0.048735,-0.428319,0.066232,0.142018,0.462837,-0.253197,0.549935,-0.354736,-0.313311,0.275171,0.001683
-2.938715,-3.020281,-0.115585,0.245812,-0.058179,-0.069141,0.040903,0.423568,-0.017484,2.608428,2.463322,-1.960838,-2.036505,-0.951106,-0.707614,0.553311,-0.250979,0.104594,-0.048132,-0.440231,0.060057,0.112674,0.440957,-0.278070,0.609769,-0.373412,-0.349542,0.309208,-0.015101
-3.005898,-3.079301,-0.131855,0.266165,-0.036345,-0.080096,0.046757,0.403721,-0.014207,2.597295,2.460650,-1.983460,-2.110498,-0.940364,-0.703150,0.610407,-0.273275,0.100785,-0.054849,-0.444187,0.017335,0.075453,0.404237,-0.293329,0.662301,-0.373239,-0.362914,0.336994,-0.055170
-3.061031,-3.122162,-0.145861,0.279768,-0.015673,-0.087569,0.044769,0.377511,-0.005399,2.566292,2.432740,-2.009906,-2.181630,-0.901214,-0.681753,0.649876,-0.290300,0.102319,-0.064747,-0.429579,-0.033516,0.040039,0.374955,-0.307368,0.715612,-0.358258,-0.361326,0.360502,-0.101932
-3.091439,-3.145802,-0.153076,0.283910,-0.004780,-0.094557,0.032322,0.367589,0.003159,2.543982,2.387589,-2.016192,-2.218574,-0.835165,-0.644979,0.651182,-0.289259,0.116479,-0.073687,-0.385797,-0.064077,0.016117,0.375390,-0.328581,0.777783,-0.332511,-0.352680,0.381703,-0.138796
-3.093021,-3.124670,-0.164193,0.279911,0.007458,-0.093809,0.013068,0.349698,0.013852,2.493062,2.336851,-2.003011,-2.229412,-0.743627,-0.594683,0.633283,-0.284495,0.136626,-0.086520,-0.335078,-0.109917,-0.018619,0.383014,-0.364632,0.881011,-0.302340,-0.332384,0.389415,-0.180866
-3.064988,-3.069331,-0.173654,0.269769,0.014921,-0.085699,-0.003365,0.332781,0.021334,2.438994,2.305894,-1.976954,-2.208726,-0.672371,-0.556014,0.605127,-0.278389,0.152686,-0.096828,-0.302782,-0.148117,-0.046801,0.394017,-0.397494,0.973683,-0.282830,-0.310586,0.379780,-0.207108
-2.967945,-2.949897,-0.129449,0.261320,0.019226,-0.053888,-0.039776,0.301559,0.011004,2.385498,2.244645,-1.920988,-2.115640,-0.613762,-0.504551,0.514902,-0.265603,0.152277,-0.116626,-0.288346,-0.190766,-0.079160,0.377272,-0.468136,1.036880,-0.277333,-0.289522,0.338069,-0.192374
-2.848858,-2.818967,-0.063650,0.258503,0.024934,-0.011064,-0.077623,0.266576,-0.000152,2.343670,2.186503,-1.855914,-1.997791,-0.581009,-0.459687,0.409745,-0.255737,0.141867,-0.134277,-0.284411,-0.221393,-0.116606,0.342869,-0.548616,1.075179,-0.277701,-0.275542,0.288968,-0.165386
-2.754692,-2.729140,-0.008324,0.265258,0.036606,0.030081,-0.098360,0.238374,0.004852,2.324604,2.164866,-1.802535,-1.902818,-0.587323,-0.440814,0.336791,-0.258396,0.127926,-0.138141,-0.283620,-0.223525,-0.160050,0.300901,-0.610994,1.093155,-0.275789,-0.274993,0.257161,-0.154867
-2.636835,-2.611450,0.061917,0.271793,0.043270,0.085148,-0.133970,0.201312,0.004566,2.284073,2.131715,-1.729195,-1.780031,-0.589993,-0.421492,0.245185,-0.272975,0.111877,-0.149241,-0.284376,-0.213872,-0.235097,0.220085,-0.665555,1.097686,-0.284396,-0.289077,0.222456,-0.150493
-2.554215,-2.524742,0.111954,0.274841,0.041593,0.126604,-0.166646,0.173920,-0.000869,2.242343,2.103625,-1.672564,-1.690824,-0.587686,-0.411383,0.180729,-0.292184,0.101746,-0.162025,-0.286301,-0.197262,-0.304223,0.140830,-0.685019,1.086507,-0.299219,-0.310753,0.202205,-0.154451
-2.421158,-2.404502,0.171455,0.264038,0.035525,0.156559,-0.206183,0.156280,0.003220,2.193205,2.076112,-1.601624,-1.565585,-0.589225,-0.411410,0.108918,-0.308834,0.091509,-0.165016,-0.302151,-0.169297,-0.349347,0.029370,-0.734654,1.081480,-0.291145,-0.334484,0.170971,-0.175532
-2.275171,-2.270690,0.213399,0.246300,0.023603,0.171946,-0.231434,0.150195,0.006303,2.137231,2.037899,-1.525906,-1.435422,-0.585373,-0.412308,0.045636,-0.319108,0.082387,-0.162183,-0.317091,-0.136828,-0.365240,-0.073574,-0.779267,1.072700,-0.275537,-0.359883,0.134307,-0.194235
-2.153763,-2.143268,0.210764,0.228542,0.004363,0.169701,-0.221254,0.157470,-0.002146,2.074989,1.977713,-1.454945,-1.331442,-0.566892,-0.404810,0.006767,-0.319188,0.075596,-0.157491,-0.316288,-0.106705,-0.346675,-0.127279,-0.783663,1.050263,-0.267756,-0.386564,0.097763,-0.191063
-1.968873,-1.972528,0.194131,0.206664,-0.014668,0.150695,-0.208290,0.156306,-0.009222,1.964383,1.890745,-1.336946,-1.187535,-0.553147,-0.393792,-0.036657,-0.297409,0.059653,-0.156819,-0.300465,-0.077198,-0.287996,-0.177380,-0.782664,1.013597,-0.245431,-0.405324,0.063598,-0.180433
-1.812948,-1.843839,0.171816,0.191604,-0.023974,0.124431,-0.199023,0.147286,-0.011387,1.860716,1.820481,-1.230909,-1.075653,-0.551010,-0.384765,-0.062924,-0.264660,0.042529,-0.160501,-0.277534,-0.063060,-0.218541,-0.198826,-0.776768,0.981037,-0.219724,-0.406784,0.048893,-0.167662
-1.647842,-1.699349,0.120587,0.178640,-0.024990,0.084431,-0.166784,0.148577,-0.020245,1.720990,1.717660,-1.113790,-0.949157,-0.536584,-0.387789,-0.071059,-0.220634,0.039620,-0.154896,-0.262385,0.000285,-0.120281,-0.206794,-0.725381,0.879383,-0.181802,-0.375899,0.052370,-0.142476
-1.497619,-1.562163,0.063689,0.170257,-0.017727,0.038957,-0.133517,0.150533,-0.024535,1.587794,1.609287,-1.005288,-0.839534,-0.516144,-0.388104,-0.068437,-0.173645,0.039169,-0.149395,-0.251088,0.073450,-0.020891,-0.208544,-0.675877,0.766545,-0.154078,-0.335790,0.058105,-0.110764
-1.386343,-1.455387,0.024367,0.168940,-0.002194,-0.003731,-0.121167,0.143507,-0.012998,1.503720,1.522367,-0.925104,-0.778273,-0.495966,-0.370952,-0.062436,-0.132008,0.029415,-0.153390,-0.239713,0.117048,0.051957,-0.211337,-0.675635,0.700435,-0.158960,-0.309582,0.050174,-0.078412
-1.264927,-1.339935,-0.040500,0.169624,0.017893,-0.075698,-0.110105,0.136945,-0.002906,1.382723,1.405127,-0.823918,-0.686626,-0.462294,-0.339424,-0.037597,-0.080815,0.026862,-0.151713,-0.219191,0.180007,0.135144,-0.258017,-0.704532,0.627686,-0.146952,-0.284066,0.078647,-0.076184
-1.194081,-1.273532,-0.098481,0.171964,0.032492,-0.140959,-0.105863,0.134129,0.000695,1.285300,1.316186,-0.752324,-0.610416,-0.431963,-0.309282,-0.006341,-0.045663,0.032786,-0.145204,-0.199782,0.230849,0.187075,-0.325246,-0.748118,0.584671,-0.124057,-0.272001,0.129288,-0.105195
-1.034592,-1.118234,-0.164458,0.171463,0.056696,-0.214515,-0.086360,0.138595,0.001503,1.126362,1.170310,-0.619756,-0.508992,-0.384746,-0.280092,0.036589,0.027696,0.027641,-0.120084,-0.156326,0.233276,0.201528,-0.419404,-0.812009,0.590319,-0.138045,-0.265972,0.164879,-0.112049
-0.862556,-0.948326,-0.223800,0.164852,0.074717,-0.284507,-0.064189,0.141949,0.001892,0.956950,1.006102,-0.485418,-0.413548,-0.338792,-0.240262,0.083205,0.108788,0.022198,-0.094108,-0.102422,0.215582,0.187056,-0.513978,-0.864145,0.609097,-0.161916,-0.268065,0.190549,-0.124163
-0.754069,-0.838092,-0.261874,0.148863,0.070766,-0.339078,-0.051940,0.135793,0.004235,0.828105,0.862165,-0.408514,-0.355276,-0.312252,-0.178198,0.125521,0.167141,0.027225,-0.085029,-0.051672,0.206061,0.152214,-0.582459,-0.872466,0.605476,-0.168672,-0.280367,0.211425,-0.168956
-0.584061,-0.671195,-0.302847,0.127074,0.066191,-0.385300,-0.017472,0.129375,-0.003889,0.647102,0.673718,-0.297409,-0.268290,-0.273485,-0.130799,0.175079,0.244129,0.030996,-0.063959,0.003151,0.175049,0.083349,-0.633059,-0.835832,0.596185,-0.161241,-0.294054,0.205367,-0.197013
-0.437536,-0.531085,-0.326233,0.110379,0.063278,-0.400062,0.021981,0.125905,-0.018417,0.504441,0.534985,-0.207656,-0.196082,-0.241874,-0.121765,0.207101,0.301258,0.031626,-0.041433,0.034634,0.138052,0.014894,-0.640478,-0.772558,0.585869,-0.143338,-0.302282,0.175403,-0.194304
-0.290407,-0.380879,-0.327584,0.092585,0.061118,-0.411831,0.031405,0.106989,-0.010205,0.323896,0.346252,-0.137717,-0.141738,-0.194598,-0.065620,0.254290,0.346490,0.030665,-0.027639,0.067004,0.095808,-0.038835,-0.638948,-0.708166,0.572549,-0.126566,-0.302402,0.141212,-0.170628
-0.166558,-0.250760,-0.313253,0.075470,0.060465,-0.411268,0.034166,0.077787,0.000070,0.148765,0.157568,-0.100550,-0.105176,-0.142760,-0.000201,0.292963,0.379093,0.033117,-0.017537,0.087179,0.057101,-0.073437,-0.612985,-0.641527,0.554687,-0.108747,-0.286166,0.106581,-0.144050
-0.089875,-0.170909,-0.289591,0.060812,0.062074,-0.389035,0.053630,0.043456,-0.008272,0.022345,0.018980,-0.109116,-0.086313,-0.097467,0.036657,0.299437,0.398333,0.043983,-0.006089,0.082078,0.030714,-0.084508,-0.547102,-0.571517,0.530746,-0.087706,-0.245325,0.075297,-0.132634
-0.013135,-0.076948,-0.262200,0.046620,0.062618,-0.364004,0.065807,0.000660,-0.008309,-0.138155,-0.154562,-0.113466,-0.074123,-0.027054,0.076469,0.313475,0.414985,0.050759,0.002168,0.054313,0.010259,-0.080856,-0.471125,-0.497659,0.490542,-0.064005,-0.198116,0.030914,-0.113356
0.025292,-0.015855,-0.244775,0.039990,0.061824,-0.348691,0.064607,-0.029203,-0.000022,-0.252485,-0.276288,-0.111427,-0.074700,0.033273,0.099329,0.328059,0.420722,0.050057,0.003105,0.017766,0.005962,-0.064307,-0.423043,-0.456883,0.454176,-0.049492,-0.168143,-0.004375,-0.095852
0.113366,0.096195,-0.205355,0.030134,0.081278,-0.323724,0.071134,-0.068393,-0.003550,-0.391432,-0.446563,-0.121142,-0.060088,0.090953,0.148807,0.337513,0.414887,0.049167,0.016027,-0.028836,0.006877,-0.043727,-0.353598,-0.422414,0.411562,-0.021198,-0.124390,-0.036556,-0.056379
0.199365,0.203072,-0.166042,0.022496,0.101080,-0.296784,0.078640,-0.102788,-0.009039,-0.521321,-0.608330,-0.125626,-0.042169,0.141557,0.202028,0.340908,0.407973,0.049975,0.033620,-0.067008,0.014409,-0.017528,-0.278298,-0.391899,0.368337,0.000006,-0.079776,-0.062572,-0.013746
0.231566,0.248646,-0.148939,0.022519,0.101332,-0.275551,0.080378,-0.118264,-0.006632,-0.608479,-0.704532,-0.107895,-0.032826,0.180660,0.236118,0.337312,0.410475,0.054370,0.048573,-0.078262,0.029961,0.015876,-0.212645,-0.362986,0.330137,-0.006753,-0.047223,-0.079365,0.013239
0.266877,0.306051,-0.132812,0.022216,0.119430,-0.248308,0.080192,-0.140502,-0.004233,-0.704490,-0.819762,-0.102820,-0.044061,0.233918,0.290560,0.334416,0.405464,0.057604,0.068520,-0.106251,0.041237,0.046182,-0.141924,-0.319666,0.301179,-0.006314,-0.022266,-0.077800,0.036897
0.287644,0.346586,-0.125725,0.021739,0.146327,-0.228676,0.078176,-0.158383,-0.003039,-0.761349,-0.896405,-0.112940,-0.070257,0.274703,0.338134,0.333669,0.395444,0.058062,0.083488,-0.136979,0.042599,0.058235,-0.101495,-0.283599,0.295943,0.001105,-0.017383,-0.058658,0.045399
0.323527,0.396721,-0.093214,0.018105,0.151394,-0.188995,0.074724,-0.172779,-0.007708,-0.832787,-0.986053,-0.118075,-0.073225,0.300870,0.390443,0.315816,0.360803,0.057542,0.093630,-0.140912,0.070822,0.062869,-0.055016,-0.253598,0.221427,0.008915,0.019980,-0.062016,0.057791
0.353696,0.439768,-0.056034,0.017141,0.150833,-0.144600,0.072340,-0.180220,-0.008662,-0.883682,-1.058068,-0.122445,-0.075459,0.320842,0.434689,0.288181,0.317724,0.055664,0.104375,-0.131494,0.102753,0.064192,-0.009515,-0.222850,0.133813,0.017593,0.063568,-0.070866,0.076202
0.357320,0.459038,-0.034940,0.024678,0.160845,-0.110822,0.073528,-0.177234,0.003678,-0.878906,-1.081813,-0.130270,-0.099456,0.343044,0.458075,0.258085,0.282391,0.052052,0.121149,-0.122171,0.115237,0.066313,0.027978,-0.184544,0.089286,0.027611,0.087129,-0.068199,0.102765
0.367920,0.483261,-0.005931,0.035492,0.161669,-0.069826,0.068913,-0.177447,0.004723,-0.880183,-1.102437,-0.134054,-0.118605,0.360763,0.469601,0.226995,0.224846,0.047747,0.130388,-0.113339,0.136792,0.047008,0.044340,-0.134900,0.018964,0.043825,0.116066,-0.082256,0.121728
0.380195,0.500325,0.016488,0.044175,0.152894,-0.042110,0.060804,-0.180754,-0.006050,-0.886874,-1.109627,-0.131907,-0.123331,0.365141,0.463503,0.210457,0.173862,0.044902,0.127471,-0.109414,0.156641,0.015931,0.031392,-0.098739,-0.041992,0.058128,0.135911,-0.106010,0.123610
0.361843,0.502698,0.038449,0.053369,0.161896,-0.014799,0.042569,-0.178565,-0.000431,-0.853118,-1.096611,-0.131971,-0.147734,0.361345,0.456447,0.179807,0.104216,0.037796,0.123469,-0.105694,0.167935,-0.014654,0.006062,-0.038130,-0.104399,0.075913,0.187665,-0.127055,0.136631
0.336838,0.494127,0.058488,0.060202,0.170737,0.006300,0.022329,-0.173172,0.013107,-0.803762,-1.064108,-0.129323,-0.172874,0.349375,0.442767,0.147388,0.037433,0.030157,0.119229,-0.099189,0.165909,-0.048785,-0.028675,0.012236,-0.152384,0.089934,0.233180,-0.137651,0.149296
0.329154,0.478358,0.075139,0.061803,0.161483,0.015380,0.008201,-0.166867,0.026086,-0.763651,-1.012837,-0.119040,-0.179810,0.329229,0.416797,0.125542,-0.004964,0.025709,0.115601,-0.086912,0.145800,-0.090497,-0.069849,0.017666,-0.170073,0.092948,0.234308,-0.130060,0.150114
0.317028,0.469818,0.081915,0.065859,0.157082,0.023530,-0.007309,-0.161473,0.019166,-0.706984,-0.946058,-0.100955,-0.191139,0.308555,0.382197,0.111185,-0.051665,0.022477,0.101416,-0.064476,0.127848,-0.135592,-0.114149,0.026141,-0.186664,0.094179,0.249291,-0.122132,0.157518
0.306525,0.472777,0.075427,0.070342,0.159734,0.026676,-0.016449,-0.159687,-0.004193,-0.662093,-0.897160,-0.084111,-0.201195,0.297691,0.356267,0.111495,-0.079320,0.022077,0.083766,-0.043098,0.121029,-0.161521,-0.139427,0.033422,-0.193863,0.093012,0.270639,-0.117831,0.167807
0.268427,0.448055,0.091029,0.071252,0.150098,0.039437,-0.038134,-0.153387,-0.005268,-0.586404,-0.819741,-0.072265,-0.199084,0.257154,0.318366,0.087476,-0.107106,0.018879,0.064386,-0.021628,0.094944,-0.191739,-0.160710,0.049861,-0.200240,0.093244,0.277588,-0.114131,0.167764
0.234912,0.416421,0.107971,0.069125,0.135428,0.053152,-0.059156,-0.144924,-0.000728,-0.502535,-0.729770,-0.056102,-0.185009,0.206012,0.281133,0.053139,-0.125532,0.011976,0.050936,-0.002823,0.064691,-0.218566,-0.177499,0.065151,-0.194852,0.095526,0.277155,-0.120162,0.169320
0.238153,0.398645,0.105501,0.064494,0.122980,0.059159,-0.066306,-0.136649,-0.007244,-0.433103,-0.643213,-0.026306,-0.159171,0.163334,0.257207,0.022498,-0.125107,0.000462,0.051081,0.010563,0.045367,-0.234321,-0.189293,0.068987,-0.166755,0.100509,0.276357,-0.145055,0.184404
0.228266,0.369506,0.099611,0.057673,0.097885,0.063732,-0.072223,-0.127117,-0.004671,-0.355906,-0.533319,0.003814,-0.130191,0.116484,0.216124,-0.014365,-0.114285,-0.013259,0.042467,0.034600,0.024799,-0.258797,-0.192836,0.076216,-0.125407,0.108580,0.268496,-0.189803,0.212035
0.210194,0.343573,0.093244,0.052071,0.072692,0.064585,-0.073948,-0.121095,0.005704,-0.309541,-0.455036,0.019198,-0.112558,0.088886,0.178426,-0.039019,-0.098477,-0.022324,0.029401,0.057271,0.013270,-0.279754,-0.186356,0.083225,-0.091481,0.115702,0.257503,-0.232033,0.238397
0.193989,0.294279,0.065150,0.045418,0.034398,0.049858,-0.063952,-0.107838,0.000845,-0.230765,-0.350270,0.037740,-0.099324,0.057494,0.138619,-0.044768,-0.065312,-0.031005,0.012362,0.069586,-0.005264,-0.316005,-0.181514,0.051633,-0.060785,0.102508,0.235351,-0.253152,0.259562
0.175777,0.246257,0.032513,0.034922,0.001427,0.027833,-0.053826,-0.095233,-0.008330,-0.162934,-0.256601,0.055363,-0.088271,0.036927,0.105834,-0.041472,-0.032224,-0.033695,-0.006663,0.076912,-0.023828,-0.352671,-0.181601,0.008665,-0.027897,0.088057,0.214646,-0.265330,0.270953
0.151682,0.224137,0.012519,0.017796,-0.007797,0.006787,-0.055160,-0.091163,-0.010903,-0.149409,-0.211610,0.067989,-0.077183,0.041801,0.089202,-0.038991,-0.016649,-0.024790,-0.025687,0.084618,-0.035443,-0.374878,-0.189911,-0.018453,0.012604,0.091411,0.207995,-0.280737,0.267993
0.140523,0.192298,-0.004639,0.008733,-0.021699,-0.014315,-0.059788,-0.079843,-0.006695,-0.131561,-0.159334,0.083462,-0.059572,0.048328,0.077350,-0.027999,-0.004130,-0.011570,-0.042879,0.104316,-0.052459,-0.389644,-0.199311,-0.090138,0.065440,0.079379,0.180444,-0.278270,0.256109
0.147878,0.166658,-0.010381,0.012264,-0.033328,-0.024922,-0.065396,-0.066933,0.002191,-0.118315,-0.125911,0.094047,-0.044243,0.053242,0.076205,-0.013993,-0.000927,-0.000645,-0.049644,0.126157,-0.066366,-0.389586,-0.205101,-0.170548,0.104195,0.057975,0.145769,-0.259164,0.241244
0.153013,0.184190,-0.001097,0.003204,-0.024538,-0.015497,-0.067013,-0.073351,0.003628,-0.115131,-0.132029,0.134420,-0.000791,0.071205,0.067828,-0.034225,0.004489,0.000606,-0.056117,0.146834,-0.070166,-0.402832,-0.213627,-0.240630,0.164343,0.079011,0.121184,-0.223020,0.215458
0.167278,0.218994,0.015805,-0.006154,-0.009136,0.000717,-0.064754,-0.084539,0.002212,-0.127178,-0.160254,0.169630,0.046087,0.091270,0.067470,-0.064753,0.005259,0.000790,-0.059465,0.160568,-0.074043,-0.408104,-0.217961,-0.297113,0.219657,0.109571,0.104665,-0.193903,0.189406
0.202028,0.245168,0.032918,-0.003516,-0.000932,0.010474,-0.058733,-0.085938,0.002542,-0.159627,-0.193152,0.164727,0.071695,0.102494,0.090379,-0.081635,-0.005476,0.008515,-0.056850,0.161579,-0.088179,-0.384124,-0.211176,-0.336726,0.243912,0.116740,0.094188,-0.195877,0.173744
0.248161,0.290548,0.041338,-0.008121,0.005339,0.018482,-0.047799,-0.092141,-0.003953,-0.217033,-0.248091,0.167594,0.106801,0.122948,0.122772,-0.105542,-0.005961,0.011952,-0.049394,0.151614,-0.088528,-0.320896,-0.196121,-0.367539,0.272078,0.118955,0.080692,-0.199216,0.155930
0.282610,0.332444,0.036857,-0.017666,0.006540,0.020736,-0.037418,-0.100045,-0.014026,-0.270693,-0.297602,0.176796,0.133853,0.142405,0.148453,-0.124521,0.004046,0.009381,-0.040826,0.135657,-0.074915,-0.250034,-0.180322,-0.374145,0.290071,0.115109,0.070924,-0.202249,0.144872
0.326347,0.381092,0.023221,-0.027008,0.006761,0.013717,-0.018596,-0.102882,-0.003223,-0.324410,-0.360782,0.140626,0.155150,0.137911,0.159499,-0.137421,0.023727,0.010123,-0.029297,0.088662,-0.056119,-0.180643,-0.139081,-0.319231,0.277477,0.112311,0.070888,-0.213907,0.139100
0.374757,0.425066,0.008592,-0.033106,0.004716,-0.000624,-0.000231,-0.099813,0.009887,-0.379833,-0.420645,0.093459,0.168084,0.137572,0.168271,-0.134227,0.045856,0.011283,-0.018288,0.040006,-0.036173,-0.121796,-0.098440,-0.253688,0.244989,0.113431,0.077623,-0.216066,0.133361
0.423223,0.452938,0.001129,-0.032919,-0.000880,-0.020333,0.008781,-0.090004,0.006735,-0.438617,-0.460207,0.069672,0.170042,0.169494,0.187127,-0.104927,0.063202,0.009965,-0.011283,0.019061,-0.019112,-0.082564,-0.084443,-0.228407,0.203298,0.121341,0.088170,-0.190602,0.122405
0.470172,0.489467,-0.010291,-0.035633,-0.001892,-0.042645,0.019511,-0.085859,0.006801,-0.503319,-0.514069,0.039728,0.164699,0.200344,0.210825,-0.078936,0.080224,0.006585,-0.005634,0.003277,0.007678,-0.025800,-0.070799,-0.222338,0.164802,0.118846,0.090032,-0.179201,0.101876
0.492130,0.516388,-0.019958,-0.039890,0.002184,-0.056402,0.026594,-0.089452,0.010053,-0.541587,-0.555300,0.018600,0.154725,0.214696,0.227517,-0.069250,0.088410,0.002834,-0.004166,0.000544,0.030802,0.020114,-0.064331,-0.238516,0.148747,0.107195,0.082280,-0.187563,0.082039
0.523634,0.533377,-0.025544,-0.044290,0.001108,-0.065635,0.037232,-0.085562,0.008224,-0.580652,-0.587831,0.019549,0.164216,0.223721,0.235526,-0.055384,0.116691,-0.003470,-0.005914,-0.012686,0.051468,0.050424,-0.047168,-0.260791,0.154482,0.095053,0.083143,-0.168015,0.054495
0.553611,0.548134,-0.028773,-0.048940,0.001195,-0.071580,0.046716,-0.079359,0.003824,-0.613109,-0.614135,0.029749,0.171821,0.229888,0.237595,-0.043514,0.145472,-0.011481,-0.008068,-0.020257,0.066394,0.070939,-0.034350,-0.282953,0.173966,0.087008,0.081096,-0.146384,0.027310
0.570987,0.568359,-0.031371,-0.053945,0.008765,-0.075473,0.050340,-0.076011,-0.000635,-0.631555,-0.636683,0.036374,0.156187,0.235665,0.236469,-0.039812,0.155159,-0.020354,-0.007819,-0.006010,0.072296,0.087472,-0.040915,-0.298792,0.199157,0.087649,0.064611,-0.148496,0.008552
0.609103,0.603532,-0.034463,-0.058361,0.010568,-0.074429,0.062977,-0.072904,0.004961,-0.675942,-0.671872,0.052635,0.147771,0.247670,0.250615,-0.036053,0.158738,-0.029850,-0.009472,0.015816,0.094530,0.100487,-0.042351,-0.311389,0.230145,0.083023,0.047947,-0.154194,-0.012075
0.648900,0.636066,-0.036503,-0.059980,0.005702,-0.068970,0.078307,-0.071591,0.017814,-0.724077,-0.702109,0.070401,0.150780,0.259899,0.272959,-0.034115,0.154418,-0.035220,-0.012200,0.034307,0.121977,0.103475,-0.037941,-0.314446,0.251436,0.075444,0.039436,-0.160630,-0.024257
0.694043,0.667249,-0.031588,-0.064959,0.006514,-0.053892,0.088204,-0.065839,0.001423,-0.743141,-0.689640,0.097408,0.159371,0.251156,0.254922,-0.034196,0.163086,-0.051532,-0.008542,0.074383,0.129062,0.073435,-0.025120,-0.273445,0.265501,0.089021,0.033550,-0.144855,-0.031598
0.734115,0.697884,-0.024040,-0.067133,0.005718,-0.039332,0.092816,-0.056769,-0.015258,-0.749799,-0.676206,0.128261,0.175672,0.238368,0.231685,-0.034236,0.168123,-0.067723,-0.003143,0.114090,0.126623,0.029836,-0.016659,-0.217372,0.263480,0.099733,0.028880,-0.122834,-0.035509
0.758701,0.728773,-0.018182,-0.060338,-0.003971,-0.035425,0.092293,-0.045500,-0.003278,-0.760715,-0.703547,0.157562,0.201808,0.238460,0.238430,-0.032174,0.152909,-0.072729,-0.000651,0.131475,0.125499,-0.007852,-0.025329,-0.175211,0.236510,0.083558,0.024016,-0.110532,-0.037398
0.795304,0.769016,-0.010017,-0.057312,-0.004994,-0.029789,0.092712,-0.037086,0.005059,-0.776986,-0.722418,0.211174,0.223814,0.245766,0.237482,-0.037461,0.137014,-0.077065,0.005116,0.158819,0.113863,-0.058644,-0.035023,-0.132345,0.209618,0.082824,0.030385,-0.087898,-0.035254
0.825621,0.798491,-0.003629,-0.059567,0.003161,-0.025241,0.093864,-0.035736,0.005585,-0.790475,-0.723384,0.262289,0.230688,0.256632,0.229316,-0.047453,0.128385,-0.078562,0.011275,0.182448,0.097531,-0.097143,-0.040894,-0.110205,0.196251,0.097898,0.044803,-0.066250,-0.030149
0.851592,0.819281,0.004319,-0.056775,0.009483,-0.014790,0.086339,-0.032817,-0.003989,-0.808890,-0.740553,0.316793,0.264396,0.271686,0.249300,-0.041157,0.114440,-0.076917,0.013667,0.207723,0.069187,-0.145642,-0.069842,-0.073894,0.185662,0.094320,0.049745,-0.026646,-0.018837
0.875683,0.840253,0.011167,-0.053207,0.014278,-0.005226,0.081764,-0.029954,-0.013234,-0.827923,-0.763850,0.373111,0.309421,0.285673,0.270803,-0.034151,0.097861,-0.072976,0.016883,0.235711,0.038249,-0.188665,-0.098871,-0.048575,0.180881,0.082624,0.049195,0.010749,-0.008326
0.900359,0.870269,0.014249,-0.053133,0.017849,-0.003343,0.091768,-0.028773,-0.011721,-0.843265,-0.783200,0.429668,0.350242,0.293340,0.267192,-0.042010,0.081332,-0.067588,0.025516,0.267480,0.014140,-0.210736,-0.104981,-0.059407,0.184937,0.073343,0.047138,0.025774,-0.005621
0.923207,0.896648,0.012150,-0.056084,0.018888,-0.006559,0.104807,-0.030792,-0.005097,-0.854831,-0.803830,0.478747,0.392615,0.298420,0.265196,-0.050960,0.070697,-0.062713,0.034402,0.300388,-0.014407,-0.247518,-0.107906,-0.065998,0.188333,0.065502,0.039823,0.057082,-0.007495
0.932803,0.906202,0.005919,-0.060586,0.016873,-0.013265,0.114361,-0.035002,0.003326,-0.856837,-0.815425,0.495808,0.415352,0.298373,0.265811,-0.056528,0.071273,-0.060790,0.039097,0.317980,-0.033118,-0.280621,-0.106183,-0.065051,0.189372,0.063022,0.030906,0.089021,-0.013011
0.967686,0.945398,0.007620,-0.070279,0.021758,-0.006177,0.116735,-0.038975,0.005111,-0.872328,-0.837443,0.540308,0.475368,0.304207,0.265847,-0.068983,0.070274,-0.064339,0.055359,0.333086,-0.056471,-0.319334,-0.107148,-0.058411,0.194373,0.059706,0.038329,0.102790,-0.026133
1.013199,0.996974,0.014166,-0.081315,0.026045,0.006928,0.113453,-0.045119,0.002911,-0.900143,-0.865509,0.588497,0.537748,0.312384,0.268790,-0.084149,0.067229,-0.070280,0.069768,0.346066,-0.078160,-0.358571,-0.108041,-0.046039,0.194132,0.057743,0.048956,0.104820,-0.035894
1.054685,1.043668,0.022471,-0.089844,0.022238,0.018275,0.106038,-0.055843,-0.000618,-0.939122,-0.895251,0.616625,0.567576,0.319369,0.278126,-0.097845,0.061664,-0.075533,0.068906,0.357280,-0.091876,-0.393244,-0.106100,-0.027901,0.179445,0.059319,0.049650,0.101536,-0.031327
1.091598,1.091416,0.033455,-0.106018,0.018337,0.041702,0.090478,-0.068020,0.001890,-0.979353,-0.929673,0.661114,0.610396,0.324323,0.290529,-0.122786,0.050320,-0.084098,0.068343,0.359670,-0.097648,-0.431827,-0.118817,-0.000052,0.159865,0.069550,0.063411,0.091784,-0.030286
1.105482,1.116345,0.041626,-0.121750,0.016293,0.065494,0.074551,-0.075563,0.009181,-1.000719,-0.951563,0.699721,0.644797,0.324769,0.299798,-0.146500,0.038869,-0.091693,0.068362,0.352042,-0.092589,-0.455028,-0.139833,0.023582,0.145182,0.083320,0.083357,0.080440,-0.033291
1.142746,1.166287,0.071100,-0.124033,0.016055,0.101612,0.058657,-0.074686,0.007911,-1.020100,-0.976884,0.722516,0.682304,0.330945,0.309483,-0.171136,0.019154,-0.095693,0.074920,0.326914,-0.120550,-0.502020,-0.168474,0.082897,0.086591,0.103696,0.101034,0.074336,-0.022373
1.189559,1.221951,0.099599,-0.122170,0.012385,0.137291,0.048204,-0.075008,0.005174,-1.033622,-0.995161,0.739271,0.716773,0.336944,0.313364,-0.193092,-0.004754,-0.096793,0.082096,0.298616,-0.151574,-0.554143,-0.192838,0.146042,0.032338,0.120726,0.124071,0.065471,-0.006242
1.232087,1.264047,0.104849,-0.125466,0.000042,0.159763,0.048597,-0.086143,0.008062,-1.037411,-0.995914,0.759752,0.742060,0.336858,0.305222,-0.208763,-0.028782,-0.095683,0.083970,0.281476,-0.155708,-0.592741,-0.201019,0.181164,0.030671,0.124458,0.160098,0.045843,0.006390
1.274705,1.298969,0.116796,-0.123275,-0.004857,0.187233,0.047206,-0.095993,0.012572,-1.040231,-0.992804,0.790368,0.774548,0.341892,0.291731,-0.228066,-0.061207,-0.093838,0.078753,0.237609,-0.173895,-0.637717,-0.225503,0.243349,0.000699,0.143057,0.188005,0.038060,0.013356
1.296104,1.309256,0.129466,-0.116691,0.000136,0.205967,0.044725,-0.099632,0.016451,-1.040671,-0.987384,0.815811,0.797994,0.349530,0.279635,-0.241348,-0.085816,-0.092180,0.069051,0.188947,-0.197042,-0.666582,-0.254048,0.301505,-0.042592,0.167224,0.193838,0.046014,0.011173
1.346314,1.361893,0.141976,-0.117496,-0.005662,0.227335,0.042861,-0.101879,0.014376,-1.065714,-0.998452,0.832144,0.824485,0.361371,0.271660,-0.256553,-0.128396,-0.094582,0.060554,0.136646,-0.214759,-0.699934,-0.274698,0.342624,-0.024820,0.188063,0.195994,0.044692,0.013593
1.403817,1.420430,0.155556,-0.124389,-0.014890,0.248559,0.041052,-0.105529,0.012551,-1.089569,-1.013102,0.839556,0.852528,0.367273,0.267507,-0.271195,-0.173337,-0.098843,0.055816,0.092692,-0.224597,-0.726813,-0.294493,0.358584,0.013412,0.200250,0.197953,0.035051,0.016381
1.447097,1.448417,0.171431,-0.136067,-0.020184,0.266860,0.038735,-0.113378,0.017177,-1.086445,-1.018432,0.838232,0.880630,0.357092,0.266882,-0.282792,-0.205030,-0.102758,0.057394,0.069074,-0.224103,-0.736263,-0.320476,0.341264,0.031499,0.198462,0.203198,0.018051,0.015299
1.490469,1.492832,0.182339,-0.147995,-0.023769,0.284912,0.034994,-0.118430,0.017081,-1.102257,-1.029209,0.843046,0.912109,0.359919,0.266222,-0.299706,-0.246982,-0.109361,0.054923,0.049751,-0.230582,-0.748487,-0.366270,0.323735,0.024832,0.206056,0.194458,-0.002125,0.009200
1.512248,1.531468,0.182825,-0.154208,-0.023852,0.293687,0.031700,-0.118157,0.012309,-1.129100,-1.040045,0.851589,0.931226,0.374343,0.265857,-0.313481,-0.278218,-0.115351,0.049637,0.044385,-0.240794,-0.757375,-0.408978,0.314761,-0.003257,0.219235,0.176104,-0.015390,0.001133
1.567916,1.578319,0.179956,-0.162314,-0.031508,0.294813,0.029682,-0.123700,0.018453,-1.168639,-1.058039,0.850307,0.965442,0.375962,0.268982,-0.317044,-0.296744,-0.121390,0.049366,0.057061,-0.255649,-0.764283,-0.453077,0.292101,-0.019818,0.220412,0.193364,-0.073426,0.009419
1.625240,1.621000,0.177799,-0.172894,-0.040393,0.292940,0.030676,-0.129510,0.020243,-1.209131,-1.080698,0.851442,0.999104,0.372687,0.271868,-0.313967,-0.308742,-0.124119,0.053653,0.068526,-0.265571,-0.771271,-0.498497,0.276441,-0.040493,0.216417,0.217341,-0.134162,0.020823
1.651986,1.647127,0.180421,-0.186527,-0.044165,0.292717,0.036422,-0.130038,0.002411,-1.238834,-1.105527,0.867235,1.016557,0.372426,0.270781,-0.307819,-0.320393,-0.120181,0.062041,0.059523,-0.260983,-0.780396,-0.545168,0.288471,-0.080922,0.214083,0.219139,-0.155529,0.022108
1.677134,1.667518,0.169876,-0.198880,-0.044358,0.279551,0.035056,-0.133808,-0.006218,-1.272875,-1.124681,0.876655,1.014498,0.376537,0.274048,-0.288589,-0.312975,-0.118209,0.068255,0.056208,-0.259047,-0.780845,-0.604595,0.301638,-0.106965,0.214024,0.231937,-0.168608,0.026211
1.688110,1.671978,0.151439,-0.203777,-0.040877,0.260027,0.027263,-0.138937,-0.001328,-1.294235,-1.128582,0.874992,0.993955,0.382966,0.280034,-0.265892,-0.290197,-0.119189,0.069187,0.060239,-0.260730,-0.772394,-0.647063,0.309358,-0.105600,0.216270,0.249336,-0.166859,0.031079
1.718530,1.683565,0.136896,-0.205199,-0.038256,0.234695,0.036534,-0.129801,0.002442,-1.311961,-1.148777,0.877835,0.975791,0.387768,0.287166,-0.239231,-0.265799,-0.118337,0.078440,0.059936,-0.262669,-0.755276,-0.676265,0.295600,-0.109369,0.201087,0.260269,-0.156152,0.032177
1.751343,1.697865,0.120254,-0.210021,-0.038131,0.208665,0.049205,-0.117728,0.002462,-1.345630,-1.177911,0.888931,0.958348,0.401247,0.298648,-0.209514,-0.240045,-0.118425,0.087020,0.059289,-0.261378,-0.738424,-0.701493,0.282610,-0.107812,0.195486,0.264704,-0.140374,0.029612
1.769499,1.710466,0.095518,-0.225119,-0.042139,0.187045,0.051610,-0.114045,-0.003897,-1.414816,-1.208631,0.912026,0.939968,0.433703,0.317686,-0.177652,-0.213199,-0.122225,0.085930,0.062292,-0.253371,-0.730769,-0.732039,0.292632,-0.090471,0.226476,0.262606,-0.123409,0.023497
1.800027,1.742023,0.072656,-0.237687,-0.046956,0.162432,0.059988,-0.107538,-0.006217,-1.489071,-1.255267,0.922478,0.918843,0.469408,0.340975,-0.144890,-0.178804,-0.122740,0.085835,0.070952,-0.244692,-0.710247,-0.756703,0.309675,-0.087046,0.252011,0.269149,-0.115259,0.015461
1.827663,1.776758,0.063098,-0.241441,-0.050173,0.147133,0.070148,-0.101462,-0.003338,-1.531267,-1.294502,0.915062,0.905536,0.490509,0.356872,-0.127611,-0.154058,-0.119712,0.086784,0.080940,-0.239680,-0.687121,-0.763153,0.325217,-0.099249,0.259322,0.281061,-0.119998,0.009521
1.853703,1.791278,0.047098,-0.253190,-0.038974,0.129556,0.083171,-0.095715,0.003806,-1.583951,-1.324312,0.903868,0.875260,0.521480,0.367025,-0.097999,-0.107599,-0.115345,0.091189,0.099034,-0.239139,-0.689066,-0.761846,0.383507,-0.107063,0.273644,0.292128,-0.156234,-0.009739
1.878309,1.799353,0.034061,-0.260981,-0.028619,0.117159,0.093307,-0.094303,0.009869,-1.635664,-1.353057,0.894709,0.844392,0.544662,0.375261,-0.070899,-0.057670,-0.113458,0.095867,0.124405,-0.243669,-0.698319,-0.753499,0.446218,-0.114091,0.285435,0.306504,-0.193440,-0.022811
1.901641,1.814752,0.033392,-0.252859,-0.034370,0.117403,0.094807,-0.101232,0.009503,-1.674950,-1.389097,0.893401,0.829306,0.542394,0.385411,-0.061156,-0.022510,-0.117874,0.097637,0.156225,-0.253875,-0.697114,-0.738826,0.475022,-0.123935,0.285150,0.328344,-0.201089,-0.010187
1.907160,1.818629,0.042847,-0.241200,-0.029630,0.122909,0.095425,-0.112091,0.011682,-1.686990,-1.407898,0.880176,0.805282,0.533547,0.385551,-0.048799,0.020427,-0.120421,0.098016,0.186812,-0.248284,-0.693834,-0.708902,0.487833,-0.144794,0.286678,0.340743,-0.221760,0.003243
1.892104,1.809044,0.057699,-0.231835,-0.016769,0.130925,0.094852,-0.121450,0.015317,-1.665764,-1.400060,0.861645,0.784332,0.522544,0.375611,-0.040008,0.049672,-0.119826,0.096815,0.200873,-0.229693,-0.690118,-0.678689,0.478246,-0.166238,0.289254,0.337503,-0.245117,0.010765
1.868772,1.799830,0.059309,-0.212512,-0.004105,0.143711,0.099851,-0.128859,0.013312,-1.622461,-1.401599,0.848304,0.762548,0.492388,0.353858,-0.033902,0.075626,-0.111424,0.099185,0.211641,-0.205939,-0.700005,-0.643960,0.440672,-0.190175,0.279817,0.356597,-0.266050,0.008980
1.833369,1.780688,0.057120,-0.190027,0.008188,0.156665,0.106306,-0.128212,0.007396,-1.565907,-1.392755,0.835942,0.739656,0.453315,0.320861,-0.031999,0.094993,-0.100067,0.102245,0.221464,-0.183644,-0.720532,-0.613089,0.402187,-0.216499,0.269102,0.380021,-0.276219,0.000604
1.782104,1.741319,0.060579,-0.171179,0.019933,0.165186,0.110101,-0.113401,-0.000702,-1.504923,-1.353768,0.820348,0.715383,0.415563,0.277185,-0.035820,0.104477,-0.090609,0.103112,0.232688,-0.169432,-0.748738,-0.594450,0.389864,-0.245105,0.267843,0.389773,-0.267285,-0.011647
1.724919,1.684177,0.063967,-0.147827,0.033291,0.170060,0.115209,-0.091448,-0.009739,-1.416049,-1.291929,0.812928,0.690210,0.366763,0.233990,-0.035841,0.110839,-0.073891,0.105743,0.268739,-0.161468,-0.783978,-0.597382,0.363119,-0.292626,0.255437,0.403260,-0.254023,-0.021335
1.690406,1.637832,0.065590,-0.131646,0.041583,0.168850,0.119074,-0.073328,-0.015196,-1.343719,-1.238157,0.817393,0.676725,0.331314,0.212873,-0.032053,0.110899,-0.058273,0.108822,0.311593,-0.163735,-0.808632,-0.620417,0.335325,-0.335301,0.238087,0.413738,-0.243063,-0.023616
1.621668,1.567470,0.047866,-0.114142,0.053025,0.161954,0.124700,-0.054265,-0.029956,-1.255550,-1.153924,0.833694,0.654558,0.295535,0.195856,-0.034377,0.124355,-0.050212,0.108285,0.368170,-0.192026,-0.858537,-0.701370,0.292839,-0.396676,0.244965,0.427076,-0.213305,-0.056272
1.543278,1.492322,0.026035,-0.099507,0.060862,0.149585,0.127036,-0.038781,-0.051380,-1.171237,-1.062854,0.857154,0.634952,0.266848,0.186637,-0.032930,0.141163,-0.045897,0.103272,0.419016,-0.227250,-0.905874,-0.795936,0.247859,-0.445743,0.264178,0.437197,-0.173552,-0.097951
1.479810,1.431616,0.015336,-0.091932,0.058340,0.131959,0.121032,-0.031402,-0.076832,-1.110480,-0.988573,0.883092,0.629151,0.252677,0.188915,-0.017832,0.151278,-0.041515,0.092928,0.444677,-0.250313,-0.922828,-0.859807,0.212584,-0.451492,0.283830,0.438023,-0.132608,-0.127302
1.418861,1.377107,0.005299,-0.083347,0.061781,0.116134,0.112520,-0.019934,-0.120993,-1.055416,-0.931249,0.922232,0.635517,0.248685,0.195394,-0.012601,0.159278,-0.045026,0.075993,0.471238,-0.277746,-0.968622,-0.959993,0.201399,-0.473204,0.316073,0.452298,-0.106849,-0.152571
1.390904,1.356049,0.000943,-0.078042,0.069465,0.110022,0.105758,-0.010111,-0.161782,-1.033579,-0.919545,0.955003,0.650866,0.256869,0.202834,-0.019854,0.161162,-0.054674,0.060936,0.485418,-0.295832,-1.020361,-1.046399,0.219896,-0.500023,0.344786,0.472884,-0.109155,-0.161123
1.331137,1.298444,-0.009209,-0.083616,0.070819,0.100369,0.084447,-0.003963,-0.243559,-1.013221,-0.903908,1.022472,0.704735,0.270462,0.201395,-0.008639,0.143885,-0.066857,0.039699,0.507267,-0.291644,-1.047085,-1.133758,0.319447,-0.488584,0.389192,0.482955,-0.100339,-0.149111
1.258425,1.229438,-0.015194,-0.089830,0.070163,0.095308,0.059624,-0.003452,-0.344680,-0.993596,-0.891612,1.096353,0.770340,0.279147,0.194006,-0.000028,0.117171,-0.078064,0.017546,0.529301,-0.267515,-1.071300,-1.201977,0.447269,-0.460620,0.432123,0.485384,-0.088756,-0.122743
1.191634,1.174176,-0.007049,-0.086444,0.071814,0.102976,0.042326,-0.010542,-0.443505,-0.973957,-0.889932,1.148362,0.820896,0.272608,0.183597,-0.015090,0.090745,-0.084786,-0.000263,0.544040,-0.225779,-1.115511,-1.230963,0.550581,-0.437864,0.456408,0.483046,-0.082759,-0.088225
1.102877,1.110047,-0.001935,-0.077874,0.078088,0.115888,0.018456,-0.025826,-0.595393,-0.944674,-0.893874,1.251421,0.911937,0.260765,0.163904,-0.035061,0.057970,-0.093542,-0.015562,0.568006,-0.176400,-1.200382,-1.282346,0.675265,-0.367846,0.482214,0.475659,-0.089598,-0.040235
1.036534,1.069115,-0.002409,-0.068406,0.085848,0.127588,-0.000050,-0.041663,-0.724403,-0.920388,-0.901467,1.353999,0.997944,0.249539,0.144772,-0.049955,0.035235,-0.099955,-0.020701,0.589217,-0.144066,-1.283477,-1.330435,0.758978,-0.285575,0.496636,0.466915,-0.105853,-0.002767
1.003589,1.059056,0.022121,-0.042055,0.104064,0.137532,-0.007849,-0.057493,-0.806947,-0.872039,-0.906689,1.433734,1.084828,0.205593,0.115766,-0.093849,0.006976,-0.114886,-0.013110,0.589248,-0.104359,-1.419068,-1.368568,0.803893,-0.134038,0.461693,0.464682,-0.160736,0.040187
0.999047,1.074752,0.054660,-0.013947,0.120472,0.140818,-0.006557,-0.072415,-0.838822,-0.812233,-0.899758,1.491869,1.165934,0.151362,0.076808,-0.148688,-0.012916,-0.124986,-0.002607,0.569932,-0.073141,-1.538304,-1.374619,0.822300,0.010065,0.415689,0.476562,-0.208026,0.067604
1.017909,1.111090,0.078213,0.000792,0.122809,0.132547,0.002214,-0.085528,-0.815825,-0.753574,-0.870893,1.529650,1.234610,0.109278,0.027824,-0.196417,-0.010551,-0.116906,0.000988,0.533099,-0.066276,-1.572338,-1.326462,0.826490,0.070030,0.396930,0.510156,-0.201502,0.058459
1.030922,1.128667,0.103068,0.014244,0.123954,0.117658,0.011425,-0.096009,-0.787297,-0.677031,-0.810704,1.543244,1.284681,0.056142,-0.024358,-0.272480,0.008824,-0.099046,0.002654,0.488966,-0.055197,-1.564969,-1.223125,0.821219,0.024779,0.390226,0.585233,-0.191123,0.056023
1.031580,1.118696,0.116799,0.019684,0.123336,0.103597,0.016471,-0.098616,-0.767502,-0.620877,-0.749287,1.525855,1.291110,0.018521,-0.053647,-0.338846,0.035520,-0.080337,0.001559,0.459600,-0.045443,-1.519880,-1.116277,0.809122,-0.103063,0.398928,0.664253,-0.182078,0.061513
0.994712,1.073284,0.114714,0.029228,0.116575,0.088060,0.020657,-0.092252,-0.759717,-0.536848,-0.667554,1.495721,1.286154,-0.020412,-0.086568,-0.409022,0.077272,-0.053865,-0.008472,0.437352,-0.042851,-1.438825,-1.035709,0.772625,-0.302021,0.408111,0.728961,-0.163732,0.073670
0.940763,1.016945,0.106222,0.036969,0.108053,0.073841,0.019016,-0.081222,-0.760262,-0.451182,-0.587479,1.451060,1.260393,-0.055895,-0.115450,-0.462091,0.117133,-0.031038,-0.018576,0.427436,-0.049070,-1.353837,-0.993601,0.715557,-0.481696,0.403861,0.765154,-0.152621,0.090940
0.890177,0.974190,0.100728,0.036999,0.102152,0.063735,0.006586,-0.069832,-0.765458,-0.390115,-0.531035,1.390096,1.204410,-0.083168,-0.132625,-0.477135,0.138156,-0.023265,-0.019890,0.435065,-0.065747,-1.296950,-1.002134,0.641748,-0.551686,0.372266,0.758627,-0.165278,0.111768
0.814371,0.905910,0.094879,0.036673,0.091325,0.049532,-0.012482,-0.059997,-0.758249,-0.294620,-0.446553,1.294565,1.110730,-0.122609,-0.148655,-0.476626,0.148730,-0.016920,-0.022466,0.438499,-0.091835,-1.223398,-1.005861,0.558866,-0.592012,0.318087,0.725000,-0.154947,0.141366
0.751248,0.846246,0.091600,0.036153,0.080985,0.038332,-0.028655,-0.056635,-0.742240,-0.212443,-0.376273,1.212234,1.026192,-0.154497,-0.155526,-0.460818,0.143567,-0.015176,-0.025016,0.436020,-0.114288,-1.169956,-1.002920,0.508352,-0.582511,0.268414,0.681086,-0.126794,0.164935
0.678979,0.787439,0.060049,0.040767,0.073694,0.031712,-0.054232,-0.061886,-0.721968,-0.136255,-0.304038,1.106426,0.913001,-0.172749,-0.152049,-0.405737,0.135765,-0.025252,-0.029223,0.427997,-0.167352,-1.096941,-0.975826,0.462159,-0.548334,0.218403,0.636828,-0.102248,0.153374
0.617880,0.736927,0.029225,0.046213,0.070977,0.026502,-0.072641,-0.069639,-0.697900,-0.077383,-0.247729,0.997764,0.801035,-0.180285,-0.143193,-0.329313,0.123818,-0.040175,-0.033040,0.415550,-0.225589,-1.025060,-0.937953,0.432863,-0.517655,0.185874,0.600561,-0.083302,0.135339
0.588265,0.702145,0.028129,0.048189,0.074360,0.019533,-0.067308,-0.073785,-0.670501,-0.047153,-0.225227,0.906870,0.720176,-0.180027,-0.133923,-0.249476,0.106220,-0.052967,-0.034421,0.399798,-0.263558,-0.975024,-0.902677,0.433040,-0.518653,0.188648,0.580625,-0.071949,0.139488
0.555311,0.661042,0.029406,0.054683,0.077321,0.011790,-0.044204,-0.071091,-0.636480,-0.026885,-0.211476,0.798043,0.633162,-0.173529,-0.114053,-0.158700,0.088065,-0.063955,-0.031109,0.385106,-0.297305,-0.922090,-0.858576,0.458039,-0.537414,0.199603,0.580817,-0.067358,0.138069
0.535495,0.634168,0.032417,0.062447,0.078380,0.007145,-0.014882,-0.062905,-0.612848,-0.026713,-0.213351,0.725696,0.583499,-0.164040,-0.093519,-0.102374,0.078429,-0.067646,-0.024761,0.378820,-0.309956,-0.892725,-0.827701,0.495361,-0.564559,0.213262,0.601042,-0.071823,0.131792
0.504282,0.590341,0.035633,0.074515,0.090850,0.003652,0.013267,-0.041424,-0.588973,-0.020201,-0.213180,0.643462,0.545085,-0.160881,-0.076113,-0.037098,0.072297,-0.062589,-0.027084,0.384918,-0.303994,-0.864577,-0.804966,0.494025,-0.584398,0.235535,0.610243,-0.076200,0.142569
0.469465,0.542676,0.036615,0.084696,0.101470,-0.000710,0.039681,-0.016511,-0.564611,-0.012457,-0.209415,0.573368,0.512612,-0.161285,-0.064876,0.018025,0.070364,-0.052866,-0.029273,0.391429,-0.283397,-0.838614,-0.781872,0.476370,-0.595844,0.257454,0.602179,-0.082389,0.165054
0.438836,0.504292,0.032922,0.086801,0.096974,-0.007959,0.063801,0.001971,-0.539519,-0.008591,-0.200513,0.537439,0.480771,-0.162483,-0.062851,0.043894,0.073327,-0.042554,-0.022526,0.386382,-0.252143,-0.815805,-0.749924,0.464735,-0.597809,0.270053,0.570605,-0.092289,0.193899
0.398322,0.454223,0.025468,0.085493,0.092674,-0.018445,0.083074,0.019929,-0.501726,-0.002810,-0.181271,0.487324,0.440405,-0.160806,-0.060704,0.068162,0.074682,-0.029026,-0.019350,0.377507,-0.214252,-0.788027,-0.724993,0.441378,-0.590325,0.258016,0.541072,-0.095981,0.212685
0.368179,0.417505,0.017981,0.081425,0.090720,-0.026924,0.087863,0.028386,-0.470127,0.001994,-0.161312,0.448082,0.411697,-0.157093,-0.059510,0.078695,0.073754,-0.019045,-0.021332,0.369242,-0.188670,-0.769170,-0.719544,0.417979,-0.577136,0.227362,0.528348,-0.091619,0.212020
0.334683,0.368915,0.013067,0.075935,0.081701,-0.033834,0.085394,0.033387,-0.423602,0.016511,-0.131464,0.401248,0.372689,-0.151540,-0.066453,0.087936,0.072834,-0.007472,-0.021095,0.344672,-0.167184,-0.752618,-0.700990,0.392626,-0.537915,0.194602,0.489203,-0.096533,0.198295
0.302258,0.320273,0.010313,0.069825,0.071282,-0.038799,0.080065,0.035447,-0.377307,0.029104,-0.099473,0.352020,0.336977,-0.143587,-0.072037,0.093925,0.068822,0.001716,-0.020822,0.313624,-0.155082,-0.736451,-0.685199,0.378062,-0.494452,0.164728,0.446775,-0.108092,0.178386
0.275327,0.283395,0.009306,0.063897,0.065132,-0.041445,0.076275,0.035077,-0.346401,0.028135,-0.073082,0.305593,0.318160,-0.132678,-0.066768,0.094702,0.058616,0.004541,-0.022693,0.285928,-0.157653,-0.718750,-0.688042,0.387030,-0.468535,0.142733,0.424202,-0.123666,0.159167
0.239230,0.241023,0.004592,0.055891,0.056741,-0.043498,0.065693,0.026946,-0.307787,0.028981,-0.045072,0.253000,0.301821,-0.112947,-0.062635,0.095819,0.043032,0.006092,-0.026458,0.246043,-0.166819,-0.682049,-0.671455,0.373492,-0.417339,0.115538,0.399128,-0.150016,0.144644
0.212015,0.214342,-0.001473,0.049810,0.050307,-0.043934,0.053610,0.015119,-0.280770,0.031219,-0.029446,0.220536,0.296131,-0.094259,-0.061705,0.096718,0.029864,0.005595,-0.030233,0.213911,-0.177996,-0.644701,-0.643733,0.344217,-0.366463,0.096740,0.384091,-0.173969,0.142079
0.186359,0.179372,-0.004023,0.040289,0.041022,-0.044342,0.049026,0.013101,-0.250190,0.022509,-0.010298,0.187184,0.288627,-0.072664,-0.054844,0.086318,0.012422,-0.001747,-0.025077,0.176828,-0.186085,-0.603071,-0.616585,0.303868,-0.308272,0.066754,0.354032,-0.190653,0.136660
0.163562,0.148114,-0.006136,0.029724,0.030922,-0.044712,0.044468,0.013524,-0.223990,0.009387,0.004248,0.157936,0.284700,-0.050765,-0.046172,0.072641,-0.004490,-0.010226,-0.016991,0.143800,-0.191813,-0.562989,-0.588196,0.266872,-0.267615,0.040621,0.320050,-0.199701,0.131276
0.144926,0.132573,-0.010888,0.020512,0.022044,-0.045032,0.032466,0.009022,-0.210115,-0.001610,0.006068,0.137783,0.289740,-0.031163,-0.039810,0.063710,-0.016072,-0.014133,-0.011977,0.123837,-0.195912,-0.530287,-0.556750,0.247655,-0.269347,0.033385,0.293243,-0.200742,0.128814
0.127920,0.115727,-0.013038,0.010432,0.012306,-0.040396,0.021742,0.009142,-0.189036,-0.011063,0.002606,0.123436,0.282049,-0.014092,-0.032191,0.047552,-0.018155,-0.017565,-0.007359,0.110086,-0.199145,-0.493556,-0.506402,0.210638,-0.240100,0.030086,0.266730,-0.196433,0.116988
0.121048,0.105998,-0.011512,0.004526,0.006576,-0.033122,0.017657,0.013825,-0.171291,-0.014247,-0.004408,0.122069,0.265471,-0.008087,-0.027124,0.032246,-0.009699,-0.018806,-0.005446,0.109423,-0.199895,-0.471160,-0.462326,0.174330,-0.194500,0.032375,0.253767,-0.188929,0.101711
0.106865,0.089774,-0.017468,-0.004852,0.002922,-0.024369,0.010535,0.019194,-0.150526,-0.019184,-0.000470,0.130236,0.259825,-0.007499,-0.022526,0.017180,-0.011389,-0.014021,-0.008247,0.096235,-0.209459,-0.433797,-0.432736,0.153347,-0.140075,0.035822,0.217376,-0.177917,0.076393
0.091623,0.073750,-0.021573,-0.012908,-0.000266,-0.015335,0.004512,0.022695,-0.132682,-0.023830,0.001730,0.138849,0.265482,-0.008347,-0.017469,0.001620,-0.008941,-0.006985,-0.011478,0.082607,-0.220360,-0.399752,-0.411772,0.135514,-0.083243,0.032502,0.180235,-0.168831,0.049792
0.081573,0.064620,-0.014497,-0.014846,-0.004599,-0.007219,0.003728,0.021771,-0.123697,-0.026140,-0.010499,0.138819,0.282818,-0.006655,-0.011027,-0.015164,0.011932,-0.001471,-0.010860,0.080625,-0.225121,-0.387310,-0.393571,0.108655,-0.030424,0.014494,0.165024,-0.167105,0.030668
0.067261,0.051713,-0.010365,-0.014874,-0.005371,0.001106,-0.001545,0.016048,-0.108168,-0.022608,-0.013985,0.148992,0.288614,-0.005357,-0.004775,-0.035533,0.030147,0.004795,-0.008791,0.076810,-0.231616,-0.365244,-0.378677,0.085877,0.008803,-0.000275,0.129738,-0.152577,0.004387
0.055842,0.041483,-0.011244,-0.012977,-0.002196,0.005477,-0.008670,0.008387,-0.093860,-0.015000,-0.006985,0.164281,0.279972,-0.005104,-0.001839,-0.049300,0.036597,0.008679,-0.006306,0.073070,-0.236596,-0.344587,-0.374537,0.078568,0.014827,-0.004419,0.092020,-0.132512,-0.015912
0.044714,0.034643,-0.012625,-0.015477,-0.003850,0.008204,-0.012038,0.009788,-0.085862,-0.017860,-0.008186,0.189642,0.285865,-0.000290,0.004238,-0.061879,0.058920,0.011569,0.000272,0.070348,-0.243602,-0.311802,-0.356707,0.077267,0.044226,0.000911,0.054870,-0.136610,-0.030645
0.035877,0.031146,-0.016598,-0.017407,-0.004290,0.009099,-0.017149,0.012475,-0.081104,-0.020757,-0.013629,0.216476,0.295587,0.001672,0.008124,-0.076593,0.086858,0.013725,0.005709,0.069451,-0.246641,-0.275834,-0.333740,0.076453,0.068506,0.003637,0.022411,-0.145746,-0.039516
0.031330,0.030945,-0.025254,-0.013799,0.002532,0.007974,-0.029508,0.008669,-0.076515,-0.013260,-0.019356,0.236186,0.298434,-0.006634,0.004486,-0.096765,0.110154,0.015404,0.004771,0.071189,-0.239721,-0.245629,-0.314188,0.070605,0.059174,-0.008323,-0.001231,-0.140795,-0.042225
0.024056,0.029997,-0.035632,-0.011133,0.004704,0.006239,-0.038193,0.002352,-0.071545,-0.008746,-0.023268,0.267121,0.303650,-0.013252,-0.000923,-0.125303,0.143350,0.014509,0.002925,0.084230,-0.246827,-0.217946,-0.292033,0.062930,0.066454,-0.004276,-0.015111,-0.146614,-0.047042
0.017692,0.028776,-0.042543,-0.010742,0.001141,0.004763,-0.038862,-0.003319,-0.068678,-0.009472,-0.023409,0.293813,0.308628,-0.014872,-0.005400,-0.147938,0.169849,0.011486,0.001095,0.102054,-0.264407,-0.206626,-0.278354,0.057265,0.086708,0.013754,-0.012290,-0.160294,-0.051558
0.014656,0.026325,-0.038371,-0.007931,-0.002538,0.001039,-0.039784,-0.008704,-0.061531,-0.009800,-0.016730,0.288259,0.336230,-0.019248,-0.016564,-0.189756,0.198068,0.007957,0.001836,0.129488,-0.279188,-0.171219,-0.252179,-0.001910,0.158809,0.004918,-0.029233,-0.157426,-0.108821
0.012073,0.022840,-0.030126,-0.006032,-0.005388,-0.002284,-0.038850,-0.012329,-0.052682,-0.007879,-0.008124,0.261813,0.374301,-0.022502,-0.028427,-0.236897,0.225435,0.004662,0.003669,0.156682,-0.291646,-0.128475,-0.226969,-0.072634,0.250860,-0.002193,-0.051150,-0.144052,-0.178203
0.007065,0.018517,-0.024816,-0.008377,-0.006464,-0.002555,-0.033951,-0.012719,-0.044710,-0.001857,-0.002482,0.225831,0.410686,-0.020758,-0.035003,-0.275504,0.249380,0.002340,0.005118,0.173787,-0.302259,-0.095145,-0.216184,-0.112945,0.330964,0.021016,-0.063250,-0.126213,-0.219075
0.000380,0.011983,-0.024592,-0.008281,-0.008403,-0.001473,-0.035842,-0.016233,-0.035904,0.004803,0.006792,0.175584,0.450933,-0.016831,-0.046567,-0.314912,0.268506,0.001889,0.002037,0.192744,-0.311396,-0.042187,-0.194758,-0.182079,0.428606,0.044271,-0.072305,-0.095785,-0.270320
-0.004639,0.006505,-0.029564,-0.005791,-0.010233,0.000420,-0.043577,-0.021112,-0.030669,0.008772,0.015063,0.136196,0.474919,-0.012685,-0.057336,-0.335416,0.273248,0.003535,-0.004034,0.204074,-0.314490,0.003921,-0.173404,-0.245469,0.494965,0.055945,-0.073787,-0.067981,-0.306314
-0.012258,-0.001733,-0.017530,-0.006300,-0.009100,0.006917,-0.038886,-0.014383,-0.029580,0.012752,0.022367,0.068085,0.487395,-0.017079,-0.059715,-0.338968,0.260312,0.006526,-0.006165,0.203749,-0.288187,0.047228,-0.156981,-0.234408,0.504701,0.058273,-0.073909,-0.078212,-0.291604
-0.016533,-0.009180,-0.006413,-0.007562,-0.006577,0.014580,-0.029932,-0.004375,-0.031697,0.014841,0.026236,0.011456,0.477677,-0.021948,-0.054701,-0.322937,0.227535,0.007084,-0.006426,0.191602,-0.243987,0.086641,-0.141303,-0.178515,0.459402,0.058388,-0.072072,-0.099173,-0.238362
-0.011519,-0.012286,-0.014137,-0.007333,-0.004240,0.019975,-0.024879,0.000584,-0.036082,0.013135,0.024203,0.006512,0.435077,-0.019225,-0.043289,-0.284692,0.172753,0.001436,-0.006887,0.167462,-0.193394,0.121065,-0.122182,-0.107408,0.360655,0.063427,-0.067676,-0.103557,-0.158761
-0.007877,-0.013602,-0.018885,-0.007615,-0.004869,0.024416,-0.018287,0.002342,-0.039016,0.008195,0.021319,0.005980,0.361343,-0.011735,-0.033279,-0.231236,0.100818,-0.006435,-0.001793,0.130539,-0.142552,0.142115,-0.093399,-0.015506,0.246032,0.057859,-0.055624,-0.129871,-0.076394
-0.007430,-0.012469,-0.018282,-0.008265,-0.008151,0.025682,-0.013453,0.000019,-0.039032,0.002490,0.019026,0.010127,0.293340,-0.003224,-0.029675,-0.189297,0.047698,-0.012591,0.006309,0.099295,-0.116882,0.139266,-0.069346,0.051240,0.172846,0.044469,-0.041944,-0.164958,-0.032445
-0.002709,-0.008779,-0.021304,-0.005973,-0.007909,0.025137,-0.011488,-0.001959,-0.036753,0.007553,0.020087,0.019236,0.198162,-0.001182,-0.028717,-0.134906,-0.021169,-0.025319,0.007763,0.065378,-0.090344,0.119973,-0.054560,0.117684,0.087251,0.033558,-0.029270,-0.193685,0.018908
0.006281,-0.002266,-0.023814,-0.004711,-0.007548,0.023944,-0.009606,-0.001879,-0.035388,0.012741,0.022017,0.027196,0.112731,-0.001006,-0.028267,-0.085119,-0.084341,-0.035437,0.006713,0.034930,-0.068243,0.090982,-0.048539,0.163637,0.026502,0.025558,-0.013739,-0.219209,0.057729
0.019539,0.007334,-0.021672,-0.008454,-0.010471,0.023270,-0.005020,0.001967,-0.038150,0.007413,0.022329,0.027898,0.073968,0.001911,-0.026187,-0.056987,-0.120376,-0.033764,0.007300,0.014090,-0.055884,0.059037,-0.050780,0.168909,0.027858,0.020901,0.008515,-0.244690,0.064083
0.031727,0.014643,-0.015208,-0.010209,-0.013914,0.021981,-0.002239,0.001903,-0.036783,0.005122,0.026162,0.022826,0.026080,0.001403,-0.025222,-0.025802,-0.161717,-0.028271,0.006629,-0.004137,-0.045973,0.021114,-0.058677,0.166518,0.049572,0.014289,0.027087,-0.267726,0.053843
0.036751,0.016007,-0.007653,-0.009099,-0.016153,0.020721,-0.002654,-0.002040,-0.031971,0.007014,0.031599,0.014517,-0.006990,-0.002274,-0.025855,-0.007156,-0.187694,-0.021704,0.005036,-0.010638,-0.043465,-0.003825,-0.068283,0.157658,0.080787,0.009028,0.032691,-0.276800,0.032127
0.038861,0.025818,-0.000617,-0.008654,-0.012303,0.019360,-0.012242,-0.010834,-0.025802,0.016691,0.032200,0.007431,-0.027056,-0.005875,-0.023410,0.013652,-0.205477,-0.010541,0.002120,-0.025465,-0.028661,-0.037775,-0.087234,0.122151,0.158895,0.007325,0.041666,-0.255289,0.007207
0.041120,0.038278,0.005270,-0.006977,-0.007630,0.018697,-0.022823,-0.019658,-0.020348,0.026182,0.030768,0.001024,-0.037152,-0.010023,-0.020084,0.029232,-0.212580,-0.000833,0.000046,-0.038464,-0.014314,-0.072241,-0.102941,0.079773,0.244706,0.003643,0.055792,-0.226249,-0.016444
0.046593,0.047586,0.009381,-0.002171,-0.007405,0.019534,-0.026213,-0.023687,-0.017681,0.027513,0.030107,-0.005243,-0.040311,-0.015337,-0.018073,0.032197,-0.206517,0.001372,0.000977,-0.039480,-0.013177,-0.098728,-0.102815,0.050300,0.299030,-0.007558,0.076850,-0.212740,-0.034355
0.050537,0.054582,0.016872,0.004011,-0.006759,0.019003,-0.032246,-0.028953,-0.016826,0.023441,0.028225,0.002682,-0.033350,-0.021354,-0.014151,0.037100,-0.197485,0.003450,0.002017,-0.037652,-0.012671,-0.116086,-0.107413,0.009841,0.344808,-0.018151,0.084368,-0.178988,-0.044415
0.050980,0.055767,0.023998,0.008478,-0.006015,0.017371,-0.037906,-0.032822,-0.018210,0.016001,0.026061,0.020838,-0.019749,-0.025064,-0.010281,0.041489,-0.190001,0.004360,0.002644,-0.033896,-0.013050,-0.115635,-0.114435,-0.021373,0.359152,-0.022840,0.074588,-0.141869,-0.041593
0.053498,0.058934,0.025716,0.007862,-0.002764,0.014242,-0.034837,-0.030897,-0.019790,0.012256,0.026627,0.036003,-0.017483,-0.027109,-0.018724,0.044614,-0.182849,0.005590,0.005054,-0.018146,-0.010538,-0.120931,-0.120765,-0.032886,0.352224,-0.030371,0.057934,-0.104945,-0.030832
0.058429,0.062801,0.025325,0.005515,-0.000846,0.010063,-0.027551,-0.030042,-0.020840,0.008730,0.027509,0.047708,-0.022931,-0.027928,-0.027960,0.048279,-0.175122,0.004072,0.007094,-0.002634,-0.006069,-0.130088,-0.121967,-0.022606,0.323312,-0.039292,0.041402,-0.075030,-0.015515
0.066113,0.066085,0.026121,0.004793,-0.004103,0.005282,-0.020560,-0.037120,-0.020633,0.001945,0.026291,0.055484,-0.032470,-0.027960,-0.026469,0.054291,-0.165911,-0.003263,0.006615,0.000407,-0.000579,-0.141219,-0.113602,0.011557,0.271702,-0.048151,0.031989,-0.058937,0.000971
0.070012,0.067318,0.025734,0.002183,-0.007309,0.000709,-0.014637,-0.042069,-0.019665,-0.006034,0.022950,0.059494,-0.032325,-0.023449,-0.029507,0.054271,-0.153440,-0.008626,0.005366,0.000860,0.003547,-0.142492,-0.106827,0.057494,0.196213,-0.068807,0.026871,-0.036730,0.007655
0.068176,0.065884,0.024357,-0.001010,-0.008862,-0.001369,-0.012743,-0.042414,-0.018420,-0.011217,0.019157,0.057731,-0.022569,-0.016651,-0.035556,0.048229,-0.143945,-0.009335,0.003972,-0.001500,0.004247,-0.133269,-0.105030,0.092236,0.134591,-0.090933,0.028607,-0.019514,0.001195
0.058404,0.064427,0.021231,0.000987,-0.008845,-0.002871,-0.016644,-0.048125,-0.018343,-0.010084,0.019566,0.053747,-0.028120,-0.008356,-0.035225,0.049415,-0.129681,-0.008058,0.000978,0.004015,-0.004214,-0.123606,-0.098050,0.109133,0.095512,-0.098112,0.024338,0.004979,-0.010538
0.045175,0.062809,0.017684,0.004362,-0.006857,-0.003389,-0.022350,-0.053492,-0.019868,-0.006206,0.016824,0.046750,-0.033765,-0.001234,-0.030414,0.051802,-0.115685,-0.005714,-0.000890,0.012422,-0.015689,-0.110918,-0.091680,0.109161,0.077332,-0.100248,0.021731,0.020846,-0.020200
0.032967,0.060892,0.015047,0.005302,-0.002494,-0.002514,-0.025873,-0.052804,-0.023431,-0.003152,0.003581,0.035945,-0.024290,0.002046,-0.023024,0.049365,-0.106995,-0.003218,0.001094,0.018738,-0.024032,-0.092623,-0.091715,0.093296,0.078408,-0.107241,0.028451,0.012183,-0.020450
0.021397,0.056905,0.016547,0.007309,0.000882,-0.001278,-0.029142,-0.049698,-0.026342,-0.000580,-0.009621,0.028288,-0.016811,0.006260,-0.011087,0.053525,-0.098110,0.000296,0.003822,0.028279,-0.030057,-0.069878,-0.094161,0.068132,0.084200,-0.109112,0.023758,0.008318,-0.009038
0.016251,0.052841,0.021434,0.009380,0.001584,-0.000299,-0.030523,-0.045727,-0.027147,0.000224,-0.016179,0.027609,-0.015070,0.009300,-0.000573,0.062202,-0.093473,0.003071,0.005930,0.036274,-0.030752,-0.054056,-0.097795,0.046253,0.091811,-0.104924,0.009999,0.011184,0.008329
0.012239,0.052285,0.026895,0.008267,0.005503,-0.000857,-0.032183,-0.036691,-0.024296,0.001727,-0.037626,0.029099,-0.024210,0.008604,0.016614,0.071630,-0.090785,0.004614,0.012378,0.054512,-0.046680,-0.044806,-0.121537,-0.002837,0.092821,-0.127851,-0.003278,0.011827,0.015318
0.007202,0.051123,0.029627,0.005277,0.010147,-0.003623,-0.034963,-0.024983,-0.021429,0.004278,-0.058013,0.034925,-0.035543,0.009682,0.030141,0.080774,-0.083695,0.004824,0.017968,0.077239,-0.063052,-0.042775,-0.149553,-0.061132,0.092356,-0.160433,-0.016930,0.009793,0.024416
-0.001021,0.045241,0.026328,0.001715,0.013021,-0.009270,-0.039705,-0.012993,-0.022189,0.008227,-0.061393,0.047254,-0.040382,0.018047,0.029674,0.088601,-0.065854,0.003602,0.017502,0.098703,-0.065078,-0.048608,-0.166010,-0.110628,0.095542,-0.185215,-0.031816,0.004627,0.048111
-0.009555,0.037812,0.017780,0.002003,0.014438,-0.014341,-0.032903,-0.002250,-0.016230,0.012415,-0.055280,0.049336,-0.055243,0.032599,0.020195,0.088467,-0.034295,0.002952,0.017255,0.130097,-0.068910,-0.063448,-0.186695,-0.168289,0.107604,-0.198899,-0.034859,0.003586,0.067964
-0.014134,0.032551,0.008255,0.005997,0.013688,-0.016299,-0.017959,0.001875,-0.006533,0.014748,-0.042730,0.040132,-0.072698,0.046062,0.006443,0.080438,-0.004798,0.003199,0.017351,0.155724,-0.072631,-0.079876,-0.201265,-0.205285,0.122511,-0.194644,-0.024537,0.007191,0.074050
-0.010621,0.031435,0.012020,0.013219,0.015831,-0.021957,0.017521,0.014047,0.001171,0.030271,-0.033028,0.056764,-0.058780,0.042826,-0.010267,0.075719,0.036186,0.005350,0.029569,0.181119,-0.044099,-0.093480,-0.190580,-0.182888,0.079021,-0.159084,-0.015037,-0.004713,0.090266
-0.005140,0.030775,0.012814,0.018491,0.017958,-0.028125,0.055032,0.028889,0.004344,0.041440,-0.024583,0.085133,-0.037216,0.038304,-0.025750,0.070961,0.080854,0.009369,0.043387,0.202505,-0.007716,-0.097272,-0.159832,-0.128222,0.012736,-0.112982,-0.010205,-0.006932,0.107291
-0.003813,0.026883,-0.005625,0.016637,0.017160,-0.031614,0.076072,0.041023,0.000450,0.030709,-0.015804,0.111139,-0.031731,0.047905,-0.035819,0.062814,0.121405,0.015221,0.048286,0.216107,0.012114,-0.084265,-0.114216,-0.068408,-0.040742,-0.077099,-0.013889,0.025728,0.115802
-0.002929,0.024289,-0.017918,0.015401,0.016628,-0.033940,0.090098,0.049112,-0.002145,0.023555,-0.009952,0.128476,-0.028074,0.054305,-0.042532,0.057383,0.148439,0.019122,0.051551,0.225175,0.025334,-0.075594,-0.083806,-0.028532,-0.076393,-0.053178,-0.016345,0.047501,0.121477
