joint_0,joint_1,joint_2,joint_3,joint_4,joint_5,joint_6,joint_7,joint_8,joint_9,joint_10,joint_11,joint_12,joint_13,joint_14,joint_15,joint_16,joint_17,joint_18,joint_19,joint_20,joint_21,joint_22,joint_23,joint_24,joint_25,joint_26,joint_27,joint_28
0.075509,0.044354,-0.039489,0.102882,-0.083976,-0.008710,0.202613,-0.116801,0.081087,0.149618,0.159683,-0.190058,-0.190058,-0.166087,-0.196545,0.192839,-0.192839,-0.095706,0.065373,-0.572459,0.572459,0.655516,0.655516,0.185355,-0.185355,-0.309394,-0.309394,-0.051518,-0.051518
0.075757,0.045118,-0.039152,0.102916,-0.084265,-0.008585,0.202733,-0.117726,0.080296,0.149404,0.159645,-0.189359,-0.189359,-0.166941,-0.196201,0.193589,-0.193589,-0.095592,0.065958,-0.572795,0.572795,0.653060,0.653060,0.185574,-0.185574,-0.310444,-0.310444,-0.051789,-0.051789
0.075870,0.045856,-0.038916,0.102862,-0.084579,-0.008472,0.202670,-0.118670,0.079574,0.149360,0.159630,-0.188036,-0.188036,-0.167590,-0.196008,0.195060,-0.195060,-0.095361,0.066450,-0.573446,0.573446,0.648283,0.648283,0.185960,-0.185960,-0.312542,-0.312542,-0.052262,-0.052262
0.075712,0.046540,-0.038883,0.102630,-0.084944,-0.008384,0.202244,-0.119652,0.078988,0.149653,0.159661,-0.186216,-0.186216,-0.167828,-0.196115,0.197190,-0.197190,-0.094894,0.066757,-0.574379,0.574379,0.641446,0.641446,0.186422,-0.186422,-0.315690,-0.315690,-0.052825,-0.052825
0.075554,0.047133,-0.038822,0.102397,-0.085209,-0.008398,0.201692,-0.120469,0.078453,0.150187,0.159679,-0.184045,-0.184045,-0.168217,-0.196345,0.199889,-0.199889,-0.094352,0.066981,-0.575547,0.575547,0.632907,0.632907,0.186852,-0.186852,-0.319893,-0.319893,-0.053361,-0.053361
0.075397,0.047680,-0.038746,0.102163,-0.085425,-0.008464,0.201078,-0.121204,0.077944,0.150841,0.159689,-0.181662,-0.181662,-0.168681,-0.196637,0.203045,-0.203045,-0.093772,0.067164,-0.576900,0.576900,0.623079,0.623079,0.187151,-0.187151,-0.325153,-0.325153,-0.053787,-0.053787
0.075110,0.048061,-0.038850,0.102045,-0.085565,-0.008566,0.200488,-0.121633,0.077559,0.151156,0.159737,-0.179182,-0.179182,-0.168916,-0.197021,0.206535,-0.206535,-0.093389,0.067255,-0.578378,0.578378,0.612382,0.612382,0.187246,-0.187246,-0.331445,-0.331445,-0.054070,-0.054070
0.074845,0.048452,-0.038901,0.101922,-0.085714,-0.008701,0.199876,-0.121958,0.077192,0.151454,0.159715,-0.176698,-0.176698,-0.169165,-0.197388,0.210231,-0.210231,-0.093021,0.067327,-0.579918,0.579918,0.601221,0.601221,0.187107,-0.187107,-0.338672,-0.338672,-0.054220,-0.054220
0.074622,0.048860,-0.038847,0.101789,-0.085881,-0.008900,0.199224,-0.122073,0.076863,0.151720,0.159552,-0.174288,-0.174288,-0.169442,-0.197718,0.214007,-0.214007,-0.092684,0.067361,-0.581451,0.581451,0.589955,0.589955,0.186737,-0.186737,-0.346648,-0.346648,-0.054276,-0.054276
0.074327,0.049117,-0.038946,0.101590,-0.086085,-0.009113,0.198552,-0.122251,0.076603,0.151839,0.159254,-0.172003,-0.172003,-0.169551,-0.197877,0.217755,-0.217755,-0.092419,0.067345,-0.582919,0.582919,0.578872,0.578872,0.186166,-0.186166,-0.355106,-0.355106,-0.054286,-0.054286
0.073996,0.049299,-0.039121,0.101356,-0.086307,-0.009333,0.197871,-0.122459,0.076377,0.151885,0.158889,-0.169865,-0.169865,-0.169577,-0.197951,0.221382,-0.221382,-0.092190,0.067305,-0.584278,0.584278,0.568174,0.568174,0.185438,-0.185438,-0.363736,-0.363736,-0.054287,-0.054287
0.073313,0.049589,-0.039369,0.101161,-0.086459,-0.009575,0.197293,-0.122437,0.076242,0.152051,0.158590,-0.167876,-0.167876,-0.169532,-0.198136,0.224824,-0.224824,-0.091949,0.067382,-0.585501,0.585501,0.558002,0.558002,0.184599,-0.184599,-0.372225,-0.372225,-0.054297,-0.054297
0.072731,0.049833,-0.039596,0.100954,-0.086622,-0.009817,0.196775,-0.122405,0.076138,0.152219,0.158295,-0.166046,-0.166046,-0.169564,-0.198241,0.228032,-0.228032,-0.091719,0.067497,-0.586572,0.586572,0.548460,0.548460,0.183695,-0.183695,-0.380290,-0.380290,-0.054319,-0.054319
0.072351,0.049986,-0.039782,0.100725,-0.086806,-0.010062,0.196373,-0.122353,0.076096,0.152387,0.158010,-0.164386,-0.164386,-0.169749,-0.198189,0.230983,-0.230983,-0.091510,0.067689,-0.587481,0.587481,0.539626,0.539626,0.182768,-0.182768,-0.387702,-0.387702,-0.054340,-0.054340
0.072109,0.050134,-0.039893,0.100446,-0.087011,-0.010272,0.195969,-0.122391,0.076170,0.152478,0.157909,-0.162907,-0.162907,-0.169888,-0.198173,0.233677,-0.233677,-0.091309,0.067834,-0.588225,0.588225,0.531538,0.531538,0.181859,-0.181859,-0.394300,-0.394300,-0.054341,-0.054341
0.071934,0.050280,-0.039968,0.100142,-0.087226,-0.010466,0.195565,-0.122476,0.076302,0.152530,0.157899,-0.161607,-0.161607,-0.170003,-0.198175,0.236132,-0.236132,-0.091114,0.067954,-0.588806,0.588806,0.524203,0.524203,0.181002,-0.181002,-0.399994,-0.399994,-0.054307,-0.054307
0.071841,0.050187,-0.040121,0.099945,-0.087379,-0.010542,0.195434,-0.122611,0.076481,0.152552,0.157914,-0.160482,-0.160482,-0.170092,-0.198029,0.238378,-0.238378,-0.090946,0.067958,-0.589229,0.589229,0.517607,0.517607,0.180228,-0.180228,-0.404745,-0.404745,-0.054220,-0.054220
0.071816,0.050067,-0.040263,0.099762,-0.087509,-0.010619,0.195315,-0.122713,0.076661,0.152463,0.157894,-0.159528,-0.159528,-0.170168,-0.197888,0.240449,-0.240449,-0.090803,0.067909,-0.589493,0.589493,0.511727,0.511727,0.179557,-0.179557,-0.408561,-0.408561,-0.054072,-0.054072
0.071926,0.049894,-0.040383,0.099610,-0.087594,-0.010697,0.195223,-0.122751,0.076841,0.152149,0.157806,-0.158730,-0.158730,-0.170216,-0.197756,0.242379,-0.242379,-0.090708,0.067757,-0.589600,0.589600,0.506525,0.506525,0.178999,-0.178999,-0.411487,-0.411487,-0.053853,-0.053853
0.071993,0.049616,-0.040515,0.099445,-0.087653,-0.010756,0.195303,-0.122525,0.077039,0.151965,0.157871,-0.158060,-0.158060,-0.170072,-0.197620,0.244198,-0.244198,-0.090599,0.067539,-0.589551,0.589551,0.501946,0.501946,0.178552,-0.178552,-0.413601,-0.413601,-0.053560,-0.053560
0.072039,0.049287,-0.040653,0.099273,-0.087699,-0.010805,0.195470,-0.122168,0.077246,0.151847,0.158013,-0.157482,-0.157482,-0.169833,-0.197483,0.245927,-0.245927,-0.090481,0.067289,-0.589352,0.589352,0.497930,0.497930,0.178204,-0.178204,-0.414999,-0.414999,-0.053193,-0.053193
0.072006,0.048776,-0.040662,0.099230,-0.087630,-0.010853,0.195873,-0.121540,0.077234,0.151351,0.158135,-0.156960,-0.156960,-0.169542,-0.197215,0.247577,-0.247577,-0.090350,0.067065,-0.589009,0.589009,0.494415,0.494415,0.177928,-0.177928,-0.415786,-0.415786,-0.052761,-0.052761
0.071915,0.048238,-0.040699,0.099177,-0.087589,-0.010892,0.196257,-0.120987,0.077287,0.151002,0.158288,-0.156451,-0.156451,-0.169268,-0.196989,0.249156,-0.249156,-0.090195,0.066876,-0.588535,0.588535,0.491332,0.491332,0.177694,-0.177694,-0.416074,-0.416074,-0.052281,-0.052281
0.071708,0.047646,-0.040789,0.099104,-0.087605,-0.010916,0.196606,-0.120586,0.077471,0.150946,0.158504,-0.155908,-0.155908,-0.169029,-0.196846,0.250669,-0.250669,-0.089995,0.066760,-0.587953,0.587953,0.488604,0.488604,0.177465,-0.177465,-0.415976,-0.415976,-0.051775,-0.051775
0.071428,0.047055,-0.040879,0.099024,-0.087645,-0.010997,0.196883,-0.120061,0.077646,0.150713,0.158584,-0.155291,-0.155291,-0.168770,-0.196722,0.252116,-0.252116,-0.089775,0.066565,-0.587287,0.587287,0.486157,0.486157,0.177214,-0.177214,-0.415598,-0.415598,-0.051270,-0.051270
0.071113,0.046465,-0.040971,0.098941,-0.087698,-0.011106,0.197125,-0.119474,0.077817,0.150392,0.158594,-0.154575,-0.154575,-0.168501,-0.196607,0.253502,-0.253502,-0.089545,0.066332,-0.586565,0.586565,0.483931,0.483931,0.176926,-0.176926,-0.415028,-0.415028,-0.050789,-0.050789
0.070768,0.045992,-0.041141,0.098830,-0.087696,-0.011194,0.197324,-0.118859,0.078029,0.150254,0.158759,-0.153756,-0.153756,-0.168373,-0.196664,0.254830,-0.254830,-0.089509,0.066086,-0.585819,0.585819,0.481877,0.481877,0.176600,-0.176600,-0.414340,-0.414340,-0.050352,-0.050352
0.070500,0.045492,-0.041296,0.098763,-0.087622,-0.011293,0.197543,-0.118232,0.078254,0.150141,0.158880,-0.152840,-0.152840,-0.168271,-0.196592,0.256109,-0.256109,-0.089514,0.065848,-0.585082,0.585082,0.479949,0.479949,0.176251,-0.176251,-0.413593,-0.413593,-0.049973,-0.049973
0.070385,0.044937,-0.041420,0.098782,-0.087406,-0.011416,0.197801,-0.117581,0.078502,0.150079,0.158913,-0.151840,-0.151840,-0.168221,-0.196265,0.257350,-0.257350,-0.089598,0.065623,-0.584392,0.584392,0.478101,0.478101,0.175904,-0.175904,-0.412836,-0.412836,-0.049657,-0.049657
0.070363,0.044420,-0.041513,0.098889,-0.087240,-0.011554,0.198339,-0.116989,0.078747,0.149816,0.158915,-0.150771,-0.150771,-0.168152,-0.196019,0.258566,-0.258566,-0.089641,0.065531,-0.583786,0.583786,0.476281,0.476281,0.175585,-0.175585,-0.412117,-0.412117,-0.049400,-0.049400
0.070386,0.043921,-0.041590,0.099041,-0.087099,-0.011699,0.199018,-0.116425,0.078990,0.149452,0.158903,-0.149649,-0.149649,-0.168075,-0.195812,0.259768,-0.259768,-0.089662,0.065506,-0.583296,0.583296,0.474431,0.474431,0.175316,-0.175316,-0.411477,-0.411477,-0.049192,-0.049192
0.070365,0.043394,-0.041768,0.099226,-0.086863,-0.011776,0.199688,-0.115847,0.079199,0.149203,0.158968,-0.148488,-0.148488,-0.167955,-0.195614,0.260963,-0.260963,-0.089731,0.065374,-0.582945,0.582945,0.472502,0.472502,0.175109,-0.175109,-0.410953,-0.410953,-0.049016,-0.049016
0.070321,0.042859,-0.041921,0.099396,-0.086618,-0.011866,0.200308,-0.115272,0.079417,0.148920,0.158972,-0.147310,-0.147310,-0.167824,-0.195398,0.262155,-0.262155,-0.089786,0.065261,-0.582744,0.582744,0.470462,0.470462,0.174965,-0.174965,-0.410566,-0.410566,-0.048853,-0.048853
0.070233,0.042311,-0.042023,0.099538,-0.086354,-0.011986,0.200827,-0.114701,0.079657,0.148569,0.158854,-0.146136,-0.146136,-0.167671,-0.195143,0.263342,-0.263342,-0.089815,0.065185,-0.582689,0.582689,0.468295,0.468295,0.174877,-0.174877,-0.410326,-0.410326,-0.048684,-0.048684
0.070084,0.041842,-0.042252,0.099690,-0.086106,-0.012171,0.201261,-0.114190,0.079947,0.147993,0.158681,-0.144986,-0.144986,-0.167411,-0.194954,0.264527,-0.264527,-0.089916,0.065116,-0.582772,0.582772,0.465986,0.465986,0.174830,-0.174830,-0.410234,-0.410234,-0.048492,-0.048492
0.069903,0.041414,-0.042544,0.099847,-0.085867,-0.012390,0.201653,-0.113710,0.080261,0.147305,0.158481,-0.143871,-0.143871,-0.167096,-0.194798,0.265716,-0.265716,-0.090054,0.065052,-0.582980,0.582980,0.463515,0.463515,0.174809,-0.174809,-0.410295,-0.410295,-0.048272,-0.048272
0.069768,0.040837,-0.042803,0.099995,-0.085626,-0.012562,0.201963,-0.113551,0.080730,0.146777,0.158300,-0.142785,-0.142785,-0.166867,-0.194455,0.266918,-0.266918,-0.090136,0.064963,-0.583299,0.583299,0.460856,0.460856,0.174802,-0.174802,-0.410521,-0.410521,-0.048028,-0.048028
0.069568,0.040239,-0.043047,0.100120,-0.085395,-0.012729,0.202285,-0.113328,0.081221,0.146161,0.158115,-0.141715,-0.141715,-0.166519,-0.194126,0.268143,-0.268143,-0.090225,0.064875,-0.583717,0.583717,0.457985,0.457985,0.174803,-0.174803,-0.410930,-0.410930,-0.047774,-0.047774
0.069240,0.039599,-0.043263,0.100199,-0.085185,-0.012884,0.202629,-0.112975,0.081757,0.145370,0.157921,-0.140644,-0.140644,-0.165932,-0.193825,0.269397,-0.269397,-0.090327,0.064791,-0.584218,0.584218,0.454889,0.454889,0.174816,-0.174816,-0.411547,-0.411547,-0.047532,-0.047532
0.068722,0.038885,-0.043458,0.100260,-0.085032,-0.013051,0.202677,-0.112722,0.082338,0.144673,0.157575,-0.139567,-0.139567,-0.165317,-0.193352,0.270684,-0.270684,-0.090372,0.064715,-0.584784,0.584784,0.451564,0.451564,0.174851,-0.174851,-0.412389,-0.412389,-0.047331,-0.047331
0.068109,0.038135,-0.043642,0.100313,-0.084909,-0.013223,0.202577,-0.112520,0.082943,0.144022,0.157154,-0.138484,-0.138484,-0.164688,-0.192795,0.272009,-0.272009,-0.090388,0.064644,-0.585395,0.585395,0.448007,0.448007,0.174917,-0.174917,-0.413472,-0.413472,-0.047196,-0.047196
0.067277,0.037074,-0.043667,0.100310,-0.084832,-0.013433,0.202407,-0.112463,0.083621,0.143567,0.156757,-0.137392,-0.137392,-0.163866,-0.192173,0.273376,-0.273376,-0.090360,0.064556,-0.586035,0.586035,0.444203,0.444203,0.175020,-0.175020,-0.414809,-0.414809,-0.047146,-0.047146
0.066290,0.035929,-0.043678,0.100284,-0.084790,-0.013627,0.202262,-0.112371,0.084392,0.143193,0.156398,-0.136294,-0.136294,-0.162939,-0.191534,0.274792,-0.274792,-0.090271,0.064477,-0.586689,0.586689,0.440136,0.440136,0.175156,-0.175156,-0.416404,-0.416404,-0.047193,-0.047193
0.064995,0.034616,-0.043660,0.100215,-0.084819,-0.013792,0.202167,-0.112209,0.085350,0.142981,0.156119,-0.135204,-0.135204,-0.161801,-0.190859,0.276262,-0.276262,-0.090061,0.064414,-0.587344,0.587344,0.435798,0.435798,0.175315,-0.175315,-0.418249,-0.418249,-0.047339,-0.047339
0.063551,0.033140,-0.043715,0.100111,-0.084893,-0.013948,0.202117,-0.112062,0.086435,0.142708,0.155664,-0.134139,-0.134139,-0.160642,-0.190011,0.277790,-0.277790,-0.089806,0.064398,-0.587989,0.587989,0.431192,0.431192,0.175482,-0.175482,-0.420319,-0.420319,-0.047574,-0.047574
0.062031,0.031584,-0.043807,0.099990,-0.084988,-0.014098,0.202090,-0.111922,0.087584,0.142403,0.155121,-0.133117,-0.133117,-0.159471,-0.189076,0.279386,-0.279386,-0.089530,0.064406,-0.588619,0.588619,0.426319,0.426319,0.175645,-0.175645,-0.422585,-0.422585,-0.047885,-0.047885
0.060150,0.029717,-0.043823,0.099743,-0.085160,-0.014314,0.202005,-0.111840,0.089003,0.142195,0.154961,-0.132152,-0.132152,-0.158224,-0.188259,0.281065,-0.281065,-0.089090,0.064294,-0.589242,0.589242,0.421175,0.421175,0.175793,-0.175793,-0.425019,-0.425019,-0.048256,-0.048256
0.058165,0.027734,-0.043892,0.099444,-0.085343,-0.014519,0.201891,-0.111752,0.090513,0.141861,0.154674,-0.131270,-0.131270,-0.156925,-0.187271,0.282849,-0.282849,-0.088683,0.064152,-0.589871,0.589871,0.415759,0.415759,0.175922,-0.175922,-0.427593,-0.427593,-0.048678,-0.048678
0.055971,0.025522,-0.044069,0.099042,-0.085549,-0.014706,0.201718,-0.111655,0.092208,0.141275,0.154136,-0.130504,-0.130504,-0.155522,-0.185942,0.284760,-0.284760,-0.088340,0.063948,-0.590520,0.590520,0.410080,0.410080,0.176030,-0.176030,-0.430281,-0.430281,-0.049147,-0.049147
0.053486,0.023088,-0.044183,0.098640,-0.085772,-0.014886,0.201800,-0.111617,0.094120,0.140656,0.153686,-0.129894,-0.129894,-0.154111,-0.184675,0.286817,-0.286817,-0.088051,0.063659,-0.591208,0.591208,0.404156,0.404156,0.176116,-0.176116,-0.433062,-0.433062,-0.049666,-0.049666
0.050854,0.020543,-0.044267,0.098239,-0.086003,-0.015064,0.202010,-0.111608,0.096141,0.140020,0.153282,-0.129468,-0.129468,-0.152697,-0.183440,0.289040,-0.289040,-0.087789,0.063328,-0.591956,0.591956,0.397999,0.397999,0.176181,-0.176181,-0.435930,-0.435930,-0.050246,-0.050246
0.047643,0.017372,-0.044270,0.097766,-0.086360,-0.015288,0.202102,-0.111633,0.098483,0.139376,0.152878,-0.129242,-0.129242,-0.151088,-0.182168,0.291449,-0.291449,-0.087314,0.063019,-0.592779,0.592779,0.391617,0.391617,0.176231,-0.176231,-0.438895,-0.438895,-0.050897,-0.050897
0.044226,0.014025,-0.044270,0.097283,-0.086730,-0.015519,0.202213,-0.111665,0.100994,0.138726,0.152485,-0.129232,-0.129232,-0.149394,-0.180805,0.294054,-0.294054,-0.086788,0.062761,-0.593684,0.593684,0.385029,0.385029,0.176277,-0.176277,-0.441977,-0.441977,-0.051626,-0.051626
0.040396,0.010322,-0.044266,0.096779,-0.087126,-0.015763,0.202364,-0.111710,0.103840,0.138062,0.152111,-0.129450,-0.129450,-0.147529,-0.179258,0.296859,-0.296859,-0.086160,0.062602,-0.594670,0.594670,0.378269,0.378269,0.176332,-0.176332,-0.445203,-0.445203,-0.052443,-0.052443
0.036079,0.006081,-0.044234,0.096242,-0.087564,-0.016114,0.202324,-0.111654,0.106907,0.137132,0.151459,-0.129907,-0.129907,-0.145359,-0.177380,0.299859,-0.299859,-0.085406,0.062542,-0.595732,0.595732,0.371385,0.371385,0.176414,-0.176414,-0.448598,-0.448598,-0.053351,-0.053351
0.031519,0.001570,-0.044187,0.095690,-0.088023,-0.016518,0.202189,-0.111547,0.110085,0.136069,0.150667,-0.130621,-0.130621,-0.143036,-0.175337,0.303040,-0.303040,-0.084589,0.062531,-0.596861,0.596861,0.364430,0.364430,0.176530,-0.176530,-0.452184,-0.452184,-0.054354,-0.054354
0.026209,-0.003671,-0.044254,0.094973,-0.088400,-0.017062,0.201649,-0.111404,0.113696,0.135263,0.150254,-0.131623,-0.131623,-0.140445,-0.173163,0.306383,-0.306383,-0.083622,0.062712,-0.598051,0.598051,0.357469,0.357469,0.176671,-0.176671,-0.455964,-0.455964,-0.055452,-0.055452
0.020663,-0.009088,-0.044327,0.094217,-0.088837,-0.017654,0.201021,-0.111322,0.117462,0.134287,0.149759,-0.132959,-0.132959,-0.137728,-0.170852,0.309860,-0.309860,-0.082704,0.062881,-0.599299,0.599299,0.350577,0.350577,0.176800,-0.176800,-0.459925,-0.459925,-0.056632,-0.056632
0.014643,-0.014858,-0.044409,0.093383,-0.089397,-0.018344,0.200218,-0.111365,0.121538,0.132969,0.149103,-0.134693,-0.134693,-0.134758,-0.168265,0.313438,-0.313438,-0.081884,0.063027,-0.600605,0.600605,0.343838,0.343838,0.176855,-0.176855,-0.464031,-0.464031,-0.057859,-0.057859
0.008185,-0.021048,-0.044281,0.092462,-0.090047,-0.019107,0.199126,-0.111578,0.126209,0.131702,0.148743,-0.136908,-0.136908,-0.131635,-0.165604,0.317081,-0.317081,-0.080903,0.063151,-0.601972,0.601972,0.337357,0.337357,0.176748,-0.176748,-0.468223,-0.468223,-0.059077,-0.059077
0.001508,-0.027449,-0.044048,0.091499,-0.090743,-0.019907,0.197890,-0.111878,0.131177,0.130460,0.148531,-0.139718,-0.139718,-0.128437,-0.162906,0.320748,-0.320748,-0.079842,0.063263,-0.603398,0.603398,0.331265,0.331265,0.176382,-0.176382,-0.472424,-0.472424,-0.060204,-0.060204
-0.005547,-0.034312,-0.043423,0.090564,-0.091524,-0.020780,0.196633,-0.112424,0.137467,0.130041,0.149618,-0.143258,-0.143258,-0.125538,-0.160851,0.324400,-0.324400,-0.078616,0.063328,-0.604875,0.604875,0.325721,0.325721,0.175665,-0.175665,-0.476546,-0.476546,-0.061147,-0.061147
-0.012616,-0.041251,-0.042856,0.089603,-0.092484,-0.021709,0.195302,-0.113030,0.144262,0.129793,0.151418,-0.147668,-0.147668,-0.122652,-0.159233,0.328003,-0.328003,-0.077356,0.063281,-0.606395,0.606395,0.320885,0.320885,0.174526,-0.174526,-0.480500,-0.480500,-0.061811,-0.061811
-0.019715,-0.048344,-0.042407,0.088590,-0.093804,-0.022750,0.193825,-0.113756,0.152064,0.129889,0.154641,-0.153081,-0.153081,-0.119794,-0.158487,0.331542,-0.331542,-0.076029,0.063011,-0.607960,0.607960,0.316899,0.316899,0.172930,-0.172930,-0.484211,-0.484211,-0.062120,-0.062120
-0.026968,-0.056385,-0.041710,0.087414,-0.095498,-0.023929,0.192077,-0.114743,0.161214,0.131246,0.160600,-0.159622,-0.159622,-0.117663,-0.159032,0.335019,-0.335019,-0.074566,0.062450,-0.609580,0.609580,0.313880,0.313880,0.170882,-0.170882,-0.487612,-0.487612,-0.062029,-0.062029
-0.034296,-0.064900,-0.040889,0.086155,-0.097379,-0.025178,0.190193,-0.115861,0.171038,0.133233,0.167926,-0.167423,-0.167423,-0.115895,-0.160223,0.338448,-0.338448,-0.073035,0.061745,-0.611275,0.611275,0.311934,0.311934,0.168423,-0.168423,-0.490632,-0.490632,-0.061530,-0.061530
-0.042536,-0.075473,-0.040259,0.084559,-0.100254,-0.026680,0.187890,-0.117104,0.182865,0.137432,0.180822,-0.176625,-0.176625,-0.115097,-0.164455,0.341849,-0.341849,-0.071317,0.060569,-0.613075,0.613075,0.311164,0.311164,0.165628,-0.165628,-0.493182,-0.493182,-0.060657,-0.060657
-0.051585,-0.087059,-0.039798,0.082870,-0.103513,-0.028278,0.185362,-0.118522,0.195523,0.143228,0.195926,-0.187369,-0.187369,-0.114926,-0.169740,0.345244,-0.345244,-0.069465,0.059328,-0.615021,0.615021,0.311661,0.311661,0.162587,-0.162587,-0.495161,-0.495161,-0.059476,-0.059476
-0.062252,-0.100671,-0.039673,0.080996,-0.107541,-0.030067,0.182386,-0.120289,0.209843,0.152219,0.215447,-0.199798,-0.199798,-0.116009,-0.177132,0.348641,-0.348641,-0.067345,0.057955,-0.617151,0.617151,0.313517,0.313517,0.159392,-0.159392,-0.496456,-0.496456,-0.058076,-0.058076
-0.075223,-0.115921,-0.039639,0.079248,-0.112121,-0.031807,0.179055,-0.122469,0.225661,0.165516,0.237618,-0.214062,-0.214062,-0.118931,-0.185454,0.352025,-0.352025,-0.064988,0.056697,-0.619489,0.619489,0.316838,0.316838,0.156115,-0.156115,-0.496954,-0.496954,-0.056550,-0.056550
-0.089346,-0.131988,-0.039649,0.077563,-0.116978,-0.033522,0.175546,-0.124855,0.242227,0.180965,0.261115,-0.230306,-0.230306,-0.122773,-0.194243,0.355344,-0.355344,-0.062513,0.055498,-0.622029,0.622029,0.321753,0.321753,0.152800,-0.152800,-0.496556,-0.496556,-0.054981,-0.054981
-0.106748,-0.149498,-0.039973,0.076120,-0.121867,-0.034771,0.171582,-0.127695,0.261058,0.201169,0.286010,-0.248651,-0.248651,-0.128072,-0.203163,0.358501,-0.358501,-0.060143,0.054753,-0.624722,0.624722,0.328408,0.328408,0.149449,-0.149449,-0.495200,-0.495200,-0.053423,-0.053423
-0.125075,-0.167726,-0.040198,0.074821,-0.126635,-0.035828,0.167511,-0.130429,0.280339,0.222055,0.310958,-0.269189,-0.269189,-0.133399,-0.211853,0.361356,-0.361356,-0.057799,0.054128,-0.627470,0.627470,0.336971,0.336971,0.146027,-0.146027,-0.492870,-0.492870,-0.051886,-0.051886
-0.145251,-0.187393,-0.040227,0.073810,-0.131159,-0.036501,0.163230,-0.132949,0.300520,0.244301,0.336008,-0.291972,-0.291972,-0.138783,-0.220081,0.363738,-0.363738,-0.055507,0.053745,-0.630123,0.630123,0.347616,0.347616,0.142462,-0.142462,-0.489593,-0.489593,-0.050331,-0.050331
-0.167121,-0.208904,-0.040401,0.072935,-0.135628,-0.036902,0.159447,-0.135071,0.321241,0.266843,0.361186,-0.317001,-0.317001,-0.143935,-0.227963,0.365473,-0.365473,-0.053508,0.053480,-0.632492,0.632492,0.360489,0.360489,0.138656,-0.138656,-0.485430,-0.485430,-0.048669,-0.048669
-0.189838,-0.231338,-0.040647,0.072128,-0.140071,-0.037167,0.155914,-0.136995,0.342232,0.289531,0.386427,-0.344196,-0.344196,-0.148970,-0.235671,0.366424,-0.366424,-0.051655,0.053276,-0.634380,0.634380,0.375677,0.375677,0.134494,-0.134494,-0.480465,-0.480465,-0.046774,-0.046774
-0.214831,-0.256797,-0.040367,0.071725,-0.144361,-0.037494,0.153390,-0.137186,0.362926,0.312854,0.411982,-0.373416,-0.373416,-0.154010,-0.242824,0.366521,-0.366521,-0.050206,0.053249,-0.635605,0.635605,0.393197,0.393197,0.129853,-0.129853,-0.474774,-0.474774,-0.044508,-0.044508
-0.240475,-0.283444,-0.040047,0.071351,-0.148559,-0.037990,0.151436,-0.136655,0.383400,0.336234,0.437643,-0.404497,-0.404497,-0.159183,-0.249577,0.365774,-0.365774,-0.048709,0.053275,-0.636020,0.636020,0.413019,0.413019,0.124623,-0.124623,-0.468399,-0.468399,-0.041759,-0.041759
-0.267420,-0.312469,-0.039649,0.071035,-0.152575,-0.038823,0.150621,-0.134678,0.403435,0.359726,0.463516,-0.437258,-0.437258,-0.164620,-0.255528,0.364273,-0.364273,-0.047113,0.053406,-0.635543,0.635543,0.435081,0.435081,0.118723,-0.118723,-0.461320,-0.461320,-0.038468,-0.038468
-0.295986,-0.343834,-0.039771,0.070923,-0.156221,-0.040258,0.150667,-0.131101,0.422515,0.383197,0.489930,-0.471491,-0.471491,-0.169970,-0.260958,0.362166,-0.362166,-0.045266,0.053577,-0.634190,0.634190,0.459277,0.459277,0.112128,-0.112128,-0.453446,-0.453446,-0.034651,-0.034651
-0.325362,-0.376369,-0.040152,0.070913,-0.159682,-0.041993,0.151142,-0.126724,0.441118,0.406660,0.516614,-0.506962,-0.506962,-0.175275,-0.266126,0.359627,-0.359627,-0.043293,0.053768,-0.632084,0.632084,0.485454,0.485454,0.104887,-0.104887,-0.444603,-0.444603,-0.030395,-0.030395
-0.356422,-0.410757,-0.041487,0.070379,-0.163230,-0.045021,0.151820,-0.120639,0.457477,0.431536,0.543854,-0.543420,-0.543420,-0.181110,-0.270934,0.356815,-0.356815,-0.040849,0.054265,-0.629442,0.629442,0.513404,0.513404,0.097123,-0.097123,-0.434557,-0.434557,-0.025835,-0.025835
-0.388880,-0.446429,-0.043017,0.070027,-0.166889,-0.048155,0.152546,-0.114181,0.472747,0.458030,0.572071,-0.580626,-0.580626,-0.187467,-0.276053,0.353848,-0.353848,-0.038311,0.054675,-0.626552,0.626552,0.542865,0.542865,0.089027,-0.089027,-0.423070,-0.423070,-0.021120,-0.021120
-0.424133,-0.484670,-0.044936,0.070041,-0.170769,-0.051500,0.153365,-0.106975,0.485837,0.487762,0.602241,-0.618389,-0.618389,-0.194870,-0.281793,0.350779,-0.350779,-0.035587,0.054913,-0.623726,0.623726,0.573589,0.573589,0.080820,-0.080820,-0.409978,-0.409978,-0.016377,-0.016377
-0.461686,-0.524632,-0.046941,0.070288,-0.174777,-0.054403,0.154228,-0.099861,0.497280,0.520418,0.634323,-0.656610,-0.656610,-0.203230,-0.288716,0.347594,-0.347594,-0.033054,0.055346,-0.621255,0.621255,0.605399,0.605399,0.072724,-0.072724,-0.395297,-0.395297,-0.011690,-0.011690
-0.500389,-0.565453,-0.048989,0.070653,-0.178847,-0.057085,0.155113,-0.092794,0.507901,0.554536,0.667360,-0.695274,-0.695274,-0.212069,-0.296230,0.344236,-0.344236,-0.030615,0.055877,-0.619383,0.619383,0.638209,0.638209,0.064925,-0.064925,-0.379302,-0.379302,-0.007095,-0.007095
-0.544113,-0.610964,-0.051101,0.071822,-0.182378,-0.058937,0.155951,-0.085341,0.513966,0.592562,0.703945,-0.734427,-0.734427,-0.222110,-0.304694,0.340651,-0.340651,-0.028080,0.056101,-0.618298,0.618298,0.671979,0.671979,0.057556,-0.057556,-0.362551,-0.362551,-0.002585,-0.002585
-0.589221,-0.657696,-0.052976,0.073121,-0.185813,-0.060596,0.156852,-0.077710,0.518757,0.631986,0.741458,-0.774139,-0.774139,-0.232792,-0.313453,0.336822,-0.336822,-0.025468,0.056299,-0.618133,0.618133,0.706664,0.706664,0.050687,-0.050687,-0.345782,-0.345782,0.001872,0.001872
-0.637101,-0.706867,-0.054378,0.074680,-0.189060,-0.061868,0.157883,-0.069728,0.521002,0.674205,0.780829,-0.814483,-0.814483,-0.244757,-0.322803,0.332802,-0.332802,-0.022702,0.056441,-0.618971,0.618971,0.742147,0.742147,0.044325,-0.044325,-0.329728,-0.329728,0.006326,0.006326
-0.687255,-0.758171,-0.055863,0.076741,-0.192204,-0.062865,0.158617,-0.061724,0.522410,0.719191,0.822972,-0.855523,-0.855523,-0.258283,-0.333607,0.328744,-0.328744,-0.019954,0.056211,-0.620844,0.620844,0.778173,0.778173,0.038419,-0.038419,-0.314916,-0.314916,0.010840,0.010840
-0.738546,-0.810541,-0.057389,0.079052,-0.195297,-0.063723,0.159203,-0.053709,0.523400,0.765560,0.866501,-0.897335,-0.897335,-0.272591,-0.345136,0.324962,-0.324962,-0.017217,0.055795,-0.623731,0.623731,0.814248,0.814248,0.032870,-0.032870,-0.301568,-0.301568,0.015486,0.015486
-0.792508,-0.865945,-0.058780,0.082322,-0.197558,-0.064304,0.159357,-0.045715,0.523522,0.814528,0.912213,-0.940029,-0.940029,-0.289021,-0.357698,0.321968,-0.321968,-0.014729,0.055049,-0.627531,0.627531,0.849591,0.849591,0.027542,-0.027542,-0.289625,-0.289625,0.020341,0.020341
-0.847335,-0.922214,-0.060322,0.085870,-0.199613,-0.064959,0.159609,-0.037664,0.523576,0.864148,0.958771,-0.983746,-0.983746,-0.306102,-0.370634,0.320420,-0.320420,-0.012353,0.054224,-0.632064,0.632064,0.883216,0.883216,0.022275,-0.022275,-0.278853,-0.278853,0.025480,0.025480
-0.903891,-0.980216,-0.062166,0.089973,-0.201256,-0.065760,0.160058,-0.029499,0.523494,0.915073,1.007019,-1.028578,-1.028578,-0.324485,-0.384319,0.320924,-0.320924,-0.010198,0.053241,-0.637093,0.637093,0.914174,0.914174,0.016909,-0.016909,-0.268951,-0.268951,0.030962,0.030962
-0.962222,-1.040141,-0.064385,0.094726,-0.202516,-0.067027,0.160802,-0.021088,0.523198,0.966993,1.056081,-1.074461,-1.074461,-0.343379,-0.398377,0.323827,-0.323827,-0.008094,0.052274,-0.642371,0.642371,0.941817,0.941817,0.011296,-0.011296,-0.259642,-0.259642,0.036816,0.036816
-1.021440,-1.101027,-0.066790,0.099805,-0.203584,-0.068526,0.161694,-0.012556,0.522794,1.019411,1.105552,-1.121153,-1.121153,-0.362529,-0.412623,0.329106,-0.329106,-0.006015,0.051316,-0.647679,0.647679,0.965927,0.965927,0.005309,-0.005309,-0.250739,-0.250739,0.043031,0.043031
-1.082457,-1.163313,-0.069659,0.105373,-0.203970,-0.070231,0.162672,-0.004940,0.522629,1.070885,1.154507,-1.168281,-1.168281,-0.380994,-0.426503,0.336399,-0.336399,-0.004063,0.050080,-0.652835,0.652835,0.986719,0.986719,-0.001167,0.001167,-0.242164,-0.242164,0.049548,0.049548
-1.143881,-1.225914,-0.072624,0.110996,-0.204210,-0.072029,0.163484,0.002544,0.522578,1.122062,1.202861,-1.215364,-1.215364,-0.398578,-0.439893,0.345051,-0.345051,-0.001922,0.048726,-0.657727,0.657727,1.004778,1.004778,-0.008240,0.008240,-0.233887,-0.233887,0.056261,0.056261
-1.206115,-1.289145,-0.075782,0.116729,-0.204161,-0.074013,0.163965,0.009764,0.522756,1.172644,1.250011,-1.261758,-1.261758,-0.414400,-0.452303,0.354143,-0.354143,0.000596,0.047133,-0.662337,0.662337,1.020981,1.020981,-0.016018,0.016018,-0.225825,-0.225825,0.063026,0.063026
-1.267602,-1.350900,-0.079192,0.122192,-0.203912,-0.075781,0.164007,0.016532,0.523132,1.221785,1.296335,-1.306651,-1.306651,-0.428323,-0.463681,0.362584,-0.362584,0.003543,0.045265,-0.666745,0.666745,1.036330,1.036330,-0.024602,0.024602,-0.217761,-0.217761,0.069679,0.069679
-1.328715,-1.411918,-0.082728,0.127520,-0.203564,-0.077441,0.163830,0.023075,0.523609,1.270204,1.342247,-1.349201,-1.349201,-0.441295,-0.474543,0.369359,-0.369359,0.006704,0.043260,-0.671085,0.671085,1.051676,1.051676,-0.034075,0.034075,-0.209377,-0.209377,0.076059,0.076059
-1.386319,-1.468896,-0.084370,0.132645,-0.203143,-0.077937,0.162416,0.028595,0.523573,1.317205,1.386121,-1.388817,-1.388817,-0.452873,-0.483863,0.373818,-0.373818,0.009634,0.040600,-0.675446,0.675446,1.067471,1.067471,-0.044487,0.044487,-0.200297,-0.200297,0.082030,0.082030
-1.442669,-1.524677,-0.085274,0.137860,-0.202567,-0.077884,0.160725,0.033738,0.523603,1.363951,1.429707,-1.425367,-1.425367,-0.464535,-0.492931,0.375879,-0.375879,0.012379,0.037889,-0.679802,0.679802,1.083605,1.083605,-0.055838,0.055838,-0.190168,-0.190168,0.087489,0.087489
-1.496507,-1.578062,-0.084703,0.143256,-0.201679,-0.076733,0.158482,0.038130,0.523767,1.410189,1.472716,-1.459105,-1.459105,-0.476366,-0.501495,0.376024,-0.376024,0.014751,0.035074,-0.684004,0.684004,1.099349,1.099349,-0.068074,0.068074,-0.178755,-0.178755,0.092376,0.092376
-1.548142,-1.629135,-0.082798,0.148732,-0.200836,-0.074478,0.155367,0.041791,0.523786,1.455314,1.514975,-1.490407,-1.490407,-0.488135,-0.509790,0.375090,-0.375090,0.016854,0.031919,-0.687840,0.687840,1.113514,1.113514,-0.081078,0.081078,-0.166039,-0.166039,0.096664,0.096664
-1.598676,-1.679052,-0.080225,0.154249,-0.200015,-0.071669,0.151816,0.045087,0.523732,1.499883,1.556861,-1.519530,-1.519530,-0.499874,-0.517951,0.373985,-0.373985,0.018821,0.028593,-0.691113,0.691113,1.124781,1.124781,-0.094687,0.094687,-0.152296,-0.152296,0.100357,0.100357
-1.644989,-1.725315,-0.075939,0.159294,-0.199415,-0.068215,0.147119,0.048042,0.523914,1.543042,1.598020,-1.546590,-1.546590,-0.511704,-0.526247,0.373457,-0.373457,0.020514,0.025319,-0.693724,0.693724,1.132159,1.132159,-0.108709,0.108709,-0.138111,-0.138111,0.103483,0.103483
-1.689683,-1.769879,-0.071689,0.164101,-0.199071,-0.064791,0.142558,0.051094,0.523984,1.585372,1.638377,-1.571695,-1.571695,-0.523288,-0.534443,0.373960,-0.373960,0.022116,0.022106,-0.695730,0.695730,1.135396,1.135396,-0.122972,0.122972,-0.124345,-0.124345,0.106099,0.106099
-1.731139,-1.811046,-0.067509,0.168435,-0.199240,-0.061427,0.138269,0.054341,0.523829,1.626042,1.677128,-1.595024,-1.595024,-0.534380,-0.542439,0.375639,-0.375639,0.023538,0.019019,-0.697387,0.697387,1.135096,1.135096,-0.137349,0.137349,-0.112091,-0.112091,0.108290,0.108290
-1.768437,-1.848780,-0.063924,0.172368,-0.199658,-0.058764,0.134227,0.057347,0.523615,1.663947,1.714006,-1.616820,-1.616820,-0.545414,-0.550195,0.378416,-0.378416,0.024503,0.015833,-0.699142,0.699142,1.132479,1.132479,-0.151785,0.151785,-0.102629,-0.102629,0.110168,0.110168
-1.803657,-1.884799,-0.060636,0.176099,-0.200199,-0.056450,0.130308,0.060232,0.523373,1.700470,1.749948,-1.637354,-1.637354,-0.556420,-0.557830,0.382147,-0.382147,0.025239,0.012599,-0.701523,0.701523,1.128963,1.128963,-0.166290,0.166290,-0.097369,-0.097369,0.111868,0.111868
-1.834351,-1.916754,-0.059100,0.179513,-0.200657,-0.055386,0.127556,0.063290,0.522805,1.732787,1.782713,-1.656889,-1.656889,-0.566878,-0.565706,0.386761,-0.386761,0.026087,0.009638,-0.704951,0.704951,1.125685,1.125685,-0.180920,0.180920,-0.097675,-0.097675,0.113535,0.113535
-1.863562,-1.947286,-0.058089,0.182910,-0.200908,-0.054892,0.124968,0.066254,0.522392,1.763982,1.814319,-1.675599,-1.675599,-0.577066,-0.573354,0.392329,-0.392329,0.026806,0.006623,-0.709563,0.709563,1.123121,1.123121,-0.195757,0.195757,-0.104436,-0.104436,0.115312,0.115312
-1.889805,-1.974970,-0.058125,0.186271,-0.200745,-0.055536,0.122709,0.069030,0.522285,1.792936,1.843607,-1.693465,-1.693465,-0.586716,-0.580544,0.399023,-0.399023,0.027264,0.003502,-0.715115,0.715115,1.120944,1.120944,-0.210883,0.210883,-0.117694,-0.117694,0.117318,0.117318
-1.914159,-2.000883,-0.059709,0.189695,-0.200193,-0.057920,0.120563,0.071731,0.522275,1.819291,1.870524,-1.710234,-1.710234,-0.595558,-0.586931,0.407068,-0.407068,0.027880,0.000554,-0.721033,0.721033,1.118126,1.118126,-0.226328,0.226328,-0.136722,-0.136722,0.119629,0.119629
-1.937568,-2.025911,-0.062065,0.193150,-0.199445,-0.061174,0.118474,0.074395,0.522313,1.844347,1.896255,-1.725495,-1.725495,-0.603995,-0.592916,0.416698,-0.416698,0.028575,-0.002306,-0.726584,0.726584,1.113231,1.113231,-0.242031,0.242031,-0.160340,-0.160340,0.122263,0.122263
-1.955542,-2.045612,-0.066287,0.196553,-0.197925,-0.066500,0.117109,0.077275,0.522336,1.864345,1.917337,-1.738825,-1.738825,-0.610948,-0.598135,0.428086,-0.428086,0.028986,-0.004249,-0.731089,0.731089,1.104846,1.104846,-0.257831,0.257831,-0.187150,-0.187150,0.125173,0.125173
-1.972070,-2.063844,-0.071017,0.199744,-0.196457,-0.072554,0.115907,0.080073,0.522389,1.882626,1.936499,-1.749894,-1.749894,-0.617546,-0.602526,0.441227,-0.441227,0.029463,-0.006071,-0.734099,0.734099,1.092052,1.092052,-0.273489,0.273489,-0.215709,-0.215709,0.128251,0.128251
-1.985705,-2.079136,-0.076762,0.202508,-0.195094,-0.080063,0.115031,0.082707,0.522505,1.897470,1.951823,-1.758541,-1.758541,-0.623438,-0.605262,0.455831,-0.455831,0.030075,-0.007650,-0.735474,0.735474,1.074793,1.074793,-0.288725,0.288725,-0.244709,-0.244709,0.131347,0.131347
-1.995433,-2.090692,-0.083131,0.204827,-0.193809,-0.087966,0.115208,0.085248,0.522233,1.908510,1.963448,-1.764817,-1.764817,-0.628486,-0.607758,0.471343,-0.471343,0.030703,-0.008629,-0.735358,0.735358,1.053907,1.053907,-0.303260,0.303260,-0.273112,-0.273112,0.134291,0.134291
-2.003207,-2.100380,-0.089811,0.206923,-0.192563,-0.096066,0.115911,0.087743,0.521768,1.917647,1.973223,-1.769007,-1.769007,-0.633113,-0.610133,0.487123,-0.487123,0.031340,-0.009307,-0.734088,0.734088,1.030734,1.030734,-0.316858,0.316858,-0.300175,-0.300175,0.136923,0.136923
-2.007049,-2.105927,-0.096234,0.208530,-0.191364,-0.104439,0.116464,0.089528,0.521825,1.921465,1.977298,-1.771605,-1.771605,-0.636270,-0.610383,0.502681,-0.502681,0.031930,-0.009734,-0.732085,0.732085,1.006554,1.006554,-0.329355,0.329355,-0.325410,-0.325410,0.139114,0.139114
-2.009869,-2.110410,-0.102341,0.209942,-0.190144,-0.112517,0.117277,0.090855,0.521771,1.923598,1.979525,-1.773240,-1.773240,-0.638823,-0.610141,0.517793,-0.517793,0.032665,-0.010009,-0.729757,0.729757,0.982237,0.982237,-0.340672,0.340672,-0.348520,-0.348520,0.140773,0.140773
-2.010644,-2.112763,-0.107818,0.210962,-0.188881,-0.120001,0.118609,0.091266,0.521494,1.922359,1.978057,-1.774517,-1.774517,-0.640168,-0.608917,0.532423,-0.532423,0.033689,-0.009978,-0.727448,0.727448,0.958280,0.958280,-0.350811,0.350811,-0.369337,-0.369337,0.141861,0.141861
-2.010394,-2.113488,-0.112829,0.211806,-0.187640,-0.127077,0.119909,0.090881,0.521439,1.918072,1.973343,-1.775851,-1.775851,-0.639905,-0.607082,0.546549,-0.546549,0.034695,-0.009922,-0.725434,0.725434,0.935035,0.935035,-0.359839,0.359839,-0.387770,-0.387770,0.142384,0.142384
-2.009632,-2.113398,-0.117609,0.212562,-0.186409,-0.133949,0.121194,0.090098,0.521493,1.912260,1.967005,-1.777345,-1.777345,-0.638838,-0.604943,0.560063,-0.560063,0.035691,-0.009854,-0.723934,0.723934,0.912851,0.912851,-0.367856,0.367856,-0.403818,-0.403818,0.142390,0.142390
-2.005860,-2.109640,-0.121043,0.213012,-0.184389,-0.140026,0.122755,0.088145,0.521297,1.902414,1.955480,-1.778823,-1.778823,-0.636267,-0.601130,0.572763,-0.572763,0.036662,-0.009281,-0.723116,0.723116,0.892104,0.892104,-0.374969,0.374969,-0.417585,-0.417585,0.141955,0.141955
-2.001658,-2.105275,-0.124250,0.213462,-0.182365,-0.145820,0.124339,0.085986,0.521132,1.891407,1.942672,-1.779995,-1.779995,-0.633175,-0.596862,0.584409,-0.584409,0.037690,-0.008509,-0.723086,0.723086,0.873164,0.873164,-0.381274,0.381274,-0.429246,-0.429246,0.141172,0.141172
-1.996597,-2.099694,-0.127001,0.213913,-0.180335,-0.151048,0.125970,0.083415,0.521031,1.878075,1.927299,-1.780648,-1.780648,-0.629041,-0.591685,0.594797,-0.594797,0.038836,-0.007338,-0.723866,0.723866,0.856343,0.856343,-0.386847,0.386847,-0.439004,-0.439004,0.140131,0.140131
-1.990983,-2.093033,-0.129563,0.214350,-0.177588,-0.155752,0.127547,0.080366,0.520963,1.863227,1.909882,-1.780743,-1.780743,-0.623819,-0.585240,0.603825,-0.603825,0.039995,-0.005768,-0.725395,0.725395,0.841809,0.841809,-0.391745,0.391745,-0.447052,-0.447052,0.138906,0.138906
-1.985091,-2.085831,-0.132030,0.214782,-0.174482,-0.160195,0.129097,0.077079,0.520910,1.847621,1.891443,-1.780400,-1.780400,-0.618053,-0.578160,0.611503,-0.611503,0.041159,-0.003999,-0.727540,0.727540,0.829558,0.829558,-0.396000,0.396000,-0.453564,-0.453564,0.137541,0.137541
-1.978042,-2.077164,-0.133291,0.215075,-0.171532,-0.163312,0.130536,0.073455,0.520654,1.829916,1.870440,-1.779829,-1.779829,-0.611784,-0.569622,0.617918,-0.617918,0.042296,-0.002023,-0.730134,0.730134,0.819466,0.819466,-0.399633,0.399633,-0.458670,-0.458670,0.136050,0.136050
-1.970944,-2.068240,-0.134271,0.215468,-0.168449,-0.165979,0.131991,0.069871,0.520563,1.812274,1.849120,-1.779263,-1.779263,-0.605219,-0.560772,0.623178,-0.623178,0.043385,0.000176,-0.733000,0.733000,0.811379,0.811379,-0.402655,0.402655,-0.462440,-0.462440,0.134425,0.134425
-1.963749,-2.058802,-0.134689,0.216062,-0.165099,-0.167745,0.133477,0.066366,0.520801,1.794760,1.827167,-1.778917,-1.778917,-0.598062,-0.551299,0.627388,-0.627388,0.044378,0.002823,-0.735972,0.735972,0.805148,0.805148,-0.405085,0.405085,-0.464898,-0.464898,0.132648,0.132648
-1.956227,-2.048910,-0.134509,0.216887,-0.161982,-0.168772,0.134747,0.062773,0.520752,1.777067,1.805023,-1.778955,-1.778955,-0.590788,-0.541988,0.630648,-0.630648,0.045295,0.005392,-0.738900,0.738900,0.800623,0.800623,-0.406950,0.406950,-0.466059,-0.466059,0.130707,0.130707
-1.948541,-2.038789,-0.134029,0.217829,-0.158983,-0.169429,0.135909,0.059136,0.520559,1.759285,1.782782,-1.779485,-1.779485,-0.583456,-0.532759,0.633059,-0.633059,0.046174,0.007922,-0.741660,0.741660,0.797643,0.797643,-0.408295,0.408295,-0.465958,-0.465958,0.128605,0.128605
-1.941753,-2.028802,-0.132971,0.219022,-0.155506,-0.169364,0.136450,0.055630,0.520735,1.742942,1.761158,-1.780540,-1.780540,-0.576335,-0.523731,0.634718,-0.634718,0.046807,0.010331,-0.744146,0.744146,0.796027,0.796027,-0.409184,0.409184,-0.464659,-0.464659,0.126358,0.126358
-1.935067,-2.019024,-0.131690,0.220237,-0.152153,-0.169177,0.136802,0.052209,0.521084,1.727134,1.740218,-1.782079,-1.782079,-0.569481,-0.515048,0.635707,-0.635707,0.047381,0.012691,-0.746281,0.746281,0.795595,0.795595,-0.409692,0.409692,-0.462256,-0.462256,0.123989,0.123989
-1.928587,-2.009667,-0.129965,0.221494,-0.149047,-0.168749,0.136778,0.048955,0.521778,1.712396,1.720645,-1.783999,-1.783999,-0.563165,-0.507059,0.636079,-0.636079,0.047836,0.014955,-0.748008,0.748008,0.796198,0.796198,-0.409902,0.409902,-0.458846,-0.458846,0.121511,0.121511
-1.922386,-2.000232,-0.128413,0.222871,-0.145870,-0.168236,0.136510,0.045750,0.521850,1.698855,1.702375,-1.786127,-1.786127,-0.557139,-0.499760,0.635877,-0.635877,0.048280,0.016748,-0.749293,0.749293,0.797661,0.797661,-0.409887,0.409887,-0.454557,-0.454557,0.118915,0.118915
-1.916326,-1.990756,-0.126948,0.224308,-0.142658,-0.167682,0.136120,0.042568,0.521611,1.685912,1.684758,-1.788224,-1.788224,-0.551258,-0.492808,0.635177,-0.635177,0.048719,0.018305,-0.750124,0.750124,0.799703,0.799703,-0.409707,0.409707,-0.449577,-0.449577,0.116161,0.116161
-1.911649,-1.982309,-0.124772,0.225721,-0.139866,-0.166659,0.134985,0.039614,0.521640,1.675399,1.669586,-1.790026,-1.790026,-0.546853,-0.487026,0.634084,-0.634084,0.049035,0.019323,-0.750503,0.750503,0.801964,0.801964,-0.409414,0.409414,-0.444136,-0.444136,0.113186,0.113186
-1.906929,-1.974099,-0.122629,0.227073,-0.137241,-0.165555,0.133754,0.036771,0.521582,1.665811,1.655567,-1.791310,-1.791310,-0.543017,-0.481563,0.632706,-0.632706,0.049198,0.020343,-0.750434,0.750434,0.804096,0.804096,-0.409076,0.409076,-0.438451,-0.438451,0.109919,0.109919
-1.902123,-1.966364,-0.120552,0.228301,-0.134947,-0.164292,0.132332,0.034148,0.521350,1.658075,1.643857,-1.791931,-1.791931,-0.540320,-0.476738,0.631150,-0.631150,0.049053,0.021366,-0.749920,0.749920,0.805805,0.805805,-0.408784,0.408784,-0.432709,-0.432709,0.106303,0.106303
-1.897799,-1.959319,-0.118645,0.229380,-0.133325,-0.163006,0.130865,0.031686,0.521395,1.651575,1.634235,-1.791815,-1.791815,-0.538358,-0.472918,0.629523,-0.629523,0.048667,0.022041,-0.748965,0.748965,0.806835,0.806835,-0.408660,0.408660,-0.427069,-0.427069,0.102314,0.102314
-1.893715,-1.952621,-0.116822,0.230384,-0.132039,-0.161709,0.129374,0.029304,0.521578,1.645693,1.625656,-1.790926,-1.790926,-0.536764,-0.469601,0.627923,-0.627923,0.048160,0.022542,-0.747586,0.747586,0.806986,0.806986,-0.408854,0.408854,-0.421659,-0.421659,0.097976,0.097976
-1.890039,-1.947548,-0.116039,0.231197,-0.131949,-0.161012,0.128307,0.027373,0.521429,1.642344,1.620224,-1.789237,-1.789237,-0.536058,-0.467373,0.626426,-0.626426,0.047427,0.022536,-0.745811,0.745811,0.806109,0.806109,-0.409528,0.409528,-0.416567,-0.416567,0.093360,0.093360
-1.886684,-1.942770,-0.115522,0.231781,-0.131982,-0.160596,0.127221,0.025495,0.521245,1.639176,1.615392,-1.786721,-1.786721,-0.535287,-0.465367,0.625078,-0.625078,0.046813,0.022276,-0.743685,0.743685,0.804119,0.804119,-0.410837,0.410837,-0.411838,-0.411838,0.088567,0.088567
-1.883972,-1.938583,-0.115538,0.231908,-0.132261,-0.160740,0.126100,0.023726,0.520992,1.636368,1.611759,-1.783347,-1.783347,-0.534386,-0.463805,0.623884,-0.623884,0.046436,0.021508,-0.741267,0.741267,0.801010,0.801010,-0.412907,0.412907,-0.407470,-0.407470,0.083714,0.083714
-1.881063,-1.935079,-0.115707,0.232130,-0.132850,-0.161168,0.124830,0.022301,0.520977,1.633913,1.609018,-1.779088,-1.779088,-0.533354,-0.462273,0.622813,-0.622813,0.046350,0.020561,-0.738630,0.738630,0.796847,0.796847,-0.415810,0.415810,-0.403432,-0.403432,0.078907,0.078907
-1.878057,-1.931916,-0.115953,0.232399,-0.133594,-0.161737,0.123485,0.021049,0.521080,1.631635,1.606723,-1.773915,-1.773915,-0.532256,-0.460757,0.621820,-0.621820,0.046410,0.019523,-0.735873,0.735873,0.791732,0.791732,-0.419541,0.419541,-0.399710,-0.399710,0.074221,0.074221
-1.874943,-1.927711,-0.115751,0.232258,-0.133832,-0.161788,0.122149,0.019367,0.521122,1.629308,1.603737,-1.767821,-1.767821,-0.530506,-0.459560,0.620858,-0.620858,0.046374,0.018316,-0.733117,0.733117,0.785816,0.785816,-0.424010,0.424010,-0.396332,-0.396332,0.069691,0.069691
-1.871366,-1.923157,-0.115321,0.232153,-0.133960,-0.161709,0.120894,0.017667,0.521169,1.626548,1.600313,-1.760857,-1.760857,-0.528606,-0.458058,0.619881,-0.619881,0.046441,0.017144,-0.730495,0.730495,0.779315,0.779315,-0.429056,0.429056,-0.393358,-0.393358,0.065317,0.065317
-1.866862,-1.917904,-0.114434,0.232118,-0.133869,-0.161369,0.119800,0.015930,0.521224,1.622923,1.596011,-1.753160,-1.753160,-0.526406,-0.455945,0.618870,-0.618870,0.046715,0.016042,-0.728136,0.728136,0.772477,0.772477,-0.434467,0.434467,-0.390886,-0.390886,0.061076,0.061076
-1.861439,-1.911535,-0.113667,0.231828,-0.133746,-0.160969,0.118982,0.013982,0.521010,1.617867,1.590389,-1.744927,-1.744927,-0.523688,-0.453147,0.617859,-0.617859,0.046919,0.015168,-0.726145,0.726145,0.765512,0.765512,-0.440017,0.440017,-0.389033,-0.389033,0.056940,0.056940
-1.855557,-1.904606,-0.112960,0.231411,-0.133607,-0.160540,0.118303,0.011928,0.520663,1.612095,1.584107,-1.736383,-1.736383,-0.520710,-0.450007,0.616933,-0.616933,0.047090,0.014409,-0.724590,0.724590,0.758551,0.758551,-0.445507,0.445507,-0.387901,-0.387901,0.052891,0.052891
-1.848385,-1.896291,-0.112739,0.230748,-0.133476,-0.160421,0.118239,0.009866,0.520882,1.604890,1.575958,-1.727743,-1.727743,-0.518171,-0.446767,0.616209,-0.616209,0.047324,0.013996,-0.723490,0.723490,0.751635,0.751635,-0.450800,0.450800,-0.387540,-0.387540,0.048928,0.048928
-1.840567,-1.887604,-0.112617,0.230087,-0.133419,-0.160565,0.118294,0.007936,0.521058,1.596902,1.567281,-1.719177,-1.719177,-0.515207,-0.443276,0.615802,-0.615802,0.047541,0.013677,-0.722818,0.722818,0.744752,0.744752,-0.455846,0.455846,-0.387924,-0.387924,0.045064,0.045064
-1.831456,-1.878173,-0.112693,0.229431,-0.133511,-0.161234,0.118590,0.006266,0.521151,1.587346,1.557550,-1.710798,-1.710798,-0.511391,-0.439282,0.615803,-0.615803,0.047723,0.013545,-0.722498,0.722498,0.737855,0.737855,-0.460668,0.460668,-0.388961,-0.388961,0.041318,0.041318
-1.821760,-1.868025,-0.113028,0.228662,-0.133494,-0.162270,0.119074,0.004501,0.521330,1.576769,1.546719,-1.702643,-1.702643,-0.507193,-0.434843,0.616269,-0.616269,0.047805,0.013452,-0.722429,0.722429,0.730868,0.730868,-0.465339,0.465339,-0.390528,-0.390528,0.037708,0.037708
-1.811771,-1.857518,-0.113492,0.227835,-0.133424,-0.163490,0.119654,0.002688,0.521553,1.565682,1.535338,-1.694684,-1.694684,-0.502804,-0.430181,0.617214,-0.617214,0.047836,0.013379,-0.722489,0.722489,0.723704,0.723704,-0.469936,0.469936,-0.392506,-0.392506,0.034240,0.034240
-1.800815,-1.846690,-0.114050,0.226890,-0.133450,-0.164896,0.120564,0.001079,0.521659,1.553543,1.523205,-1.686850,-1.686850,-0.498244,-0.425422,0.618603,-0.618603,0.047666,0.013215,-0.722555,0.722555,0.716305,0.716305,-0.474512,0.474512,-0.394777,-0.394777,0.030917,0.030917
-1.789627,-1.835593,-0.114643,0.225878,-0.133376,-0.166353,0.121522,-0.000486,0.521706,1.541158,1.510772,-1.679047,-1.679047,-0.493608,-0.420677,0.620339,-0.620339,0.047377,0.013056,-0.722506,0.722506,0.708683,0.708683,-0.479070,0.479070,-0.397219,-0.397219,0.027738,0.027738
-1.777975,-1.823956,-0.115305,0.224732,-0.133099,-0.167915,0.122577,-0.001962,0.521634,1.528281,1.497738,-1.671164,-1.671164,-0.488818,-0.415963,0.622283,-0.622283,0.046852,0.012903,-0.722240,0.722240,0.700902,0.700902,-0.483557,0.483557,-0.399702,-0.399702,0.024709,0.024709
-1.765263,-1.811451,-0.116021,0.223543,-0.132953,-0.169330,0.124041,-0.003402,0.521904,1.514120,1.483897,-1.663059,-1.663059,-0.483701,-0.410653,0.624272,-0.624272,0.046183,0.012677,-0.721680,0.721680,0.693044,0.693044,-0.487878,0.487878,-0.402100,-0.402100,0.021848,0.021848
-1.752019,-1.798513,-0.116765,0.222333,-0.132871,-0.170673,0.125710,-0.004825,0.522346,1.499318,1.469654,-1.654568,-1.654568,-0.478422,-0.405045,0.626141,-0.626141,0.045443,0.012415,-0.720780,0.720780,0.685183,0.685183,-0.491919,0.491919,-0.404293,-0.404293,0.019194,0.019194
-1.737501,-1.784761,-0.117285,0.220945,-0.132692,-0.171486,0.127569,-0.006036,0.521961,1.484394,1.456312,-1.645511,-1.645511,-0.473655,-0.400456,0.627723,-0.627723,0.044122,0.012335,-0.719524,0.719524,0.677404,0.677404,-0.495571,0.495571,-0.406167,-0.406167,0.016798,0.016798
-1.722655,-1.770598,-0.117727,0.219648,-0.132643,-0.172247,0.129422,-0.007096,0.521736,1.469326,1.442605,-1.635712,-1.635712,-0.468887,-0.395777,0.628858,-0.628858,0.042734,0.012289,-0.717924,0.717924,0.669807,0.669807,-0.498765,0.498765,-0.407615,-0.407615,0.014722,0.014722
-1.707153,-1.755610,-0.118012,0.218531,-0.132851,-0.172903,0.131261,-0.007856,0.521830,1.453966,1.428170,-1.624993,-1.624993,-0.464117,-0.390919,0.629398,-0.629398,0.041213,0.012309,-0.716010,0.716010,0.662505,0.662505,-0.501477,0.501477,-0.408550,-0.408550,0.013028,0.013028
-1.690843,-1.739837,-0.118127,0.217355,-0.132842,-0.173438,0.133131,-0.008580,0.521938,1.438246,1.413709,-1.613168,-1.613168,-0.459056,-0.386278,0.629211,-0.629211,0.039651,0.012494,-0.713829,0.713829,0.655614,0.655614,-0.503732,0.503732,-0.408908,-0.408908,0.011772,0.011772
-1.674128,-1.723671,-0.118157,0.216149,-0.132725,-0.173913,0.135016,-0.009285,0.522054,1.422347,1.399235,-1.600034,-1.600034,-0.453851,-0.381746,0.628179,-0.628179,0.038070,0.012760,-0.711443,0.711443,0.649258,0.649258,-0.505592,0.505592,-0.408645,-0.408645,0.010993,0.010993
-1.656779,-1.707066,-0.117954,0.215084,-0.132463,-0.174030,0.136584,-0.009892,0.521779,1.405891,1.384087,-1.585397,-1.585397,-0.448189,-0.376306,0.626194,-0.626194,0.036575,0.013040,-0.708918,0.708918,0.643573,0.643573,-0.507140,0.507140,-0.407727,-0.407727,0.010709,0.010709
-1.639101,-1.690061,-0.117711,0.214020,-0.132154,-0.174122,0.138286,-0.010483,0.521524,1.389230,1.368681,-1.569123,-1.569123,-0.442424,-0.370914,0.623180,-0.623180,0.035151,0.013436,-0.706316,0.706316,0.638689,0.638689,-0.508461,0.508461,-0.406125,-0.406125,0.010908,0.010908
-1.620764,-1.672255,-0.117384,0.212959,-0.131749,-0.174164,0.140255,-0.011043,0.521310,1.372160,1.352759,-1.551217,-1.551217,-0.436455,-0.365618,0.619124,-0.619124,0.033871,0.014061,-0.703668,0.703668,0.634681,0.634681,-0.509621,0.509621,-0.403816,-0.403816,0.011555,0.011555
-1.602172,-1.654195,-0.117225,0.211777,-0.131398,-0.174384,0.142479,-0.011715,0.521320,1.355037,1.336527,-1.531902,-1.531902,-0.430488,-0.360306,0.614123,-0.614123,0.032643,0.014812,-0.700950,0.700950,0.631499,0.631499,-0.510652,0.510652,-0.400795,-0.400795,0.012584,0.012584
-1.583452,-1.636007,-0.117148,0.210535,-0.131074,-0.174694,0.144829,-0.012443,0.521443,1.337887,1.320142,-1.511640,-1.511640,-0.424521,-0.354986,0.608396,-0.608396,0.031440,0.015625,-0.698083,0.698083,0.628932,0.628932,-0.511549,0.511549,-0.397074,-0.397074,0.013911,0.013911
-1.563465,-1.616379,-0.116920,0.208966,-0.130528,-0.174631,0.147148,-0.013274,0.521525,1.320144,1.303030,-1.491082,-1.491082,-0.418319,-0.349672,0.602255,-0.602255,0.030069,0.017026,-0.694944,0.694944,0.626653,0.626653,-0.512266,0.512266,-0.392648,-0.392648,0.015439,0.015439
-1.542924,-1.596128,-0.116581,0.207283,-0.130032,-0.174417,0.149368,-0.014248,0.521560,1.301881,1.285521,-1.470904,-1.470904,-0.412025,-0.344234,0.596024,-0.596024,0.028628,0.018416,-0.691423,0.691423,0.624321,0.624321,-0.512728,0.512728,-0.387456,-0.387456,0.017068,0.017068
-1.521278,-1.574632,-0.116021,0.205372,-0.129638,-0.173900,0.151389,-0.015508,0.521500,1.282579,1.267220,-1.451613,-1.451613,-0.405545,-0.338547,0.589957,-0.589957,0.027048,0.019782,-0.687479,0.687479,0.621670,0.621670,-0.512839,0.512839,-0.381361,-0.381361,0.018711,0.018711
-1.499260,-1.552471,-0.115243,0.203042,-0.129299,-0.172749,0.152987,-0.016969,0.521635,1.262707,1.248334,-1.433420,-1.433420,-0.399052,-0.332613,0.584195,-0.584195,0.025264,0.021149,-0.683177,0.683177,0.618568,0.618568,-0.512492,0.512492,-0.374171,-0.374171,0.020296,0.020296
-1.477058,-1.529978,-0.114356,0.200502,-0.128987,-0.171280,0.154372,-0.018530,0.521867,1.242550,1.229157,-1.416263,-1.416263,-0.392554,-0.326555,0.578756,-0.578756,0.023380,0.022517,-0.678681,0.678681,0.615023,0.615023,-0.511587,0.511587,-0.365688,-0.365688,0.021773,0.021773
-1.453551,-1.505820,-0.112399,0.198081,-0.128657,-0.168684,0.155333,-0.019956,0.521952,1.221903,1.209259,-1.399948,-1.399948,-0.385814,-0.320234,0.573563,-0.573563,0.021437,0.024146,-0.674201,0.674201,0.611190,0.611190,-0.510043,0.510043,-0.355759,-0.355759,0.023113,0.023113
-1.429476,-1.481100,-0.110372,0.195615,-0.128491,-0.165789,0.156300,-0.021531,0.522074,1.201205,1.189351,-1.384279,-1.384279,-0.379076,-0.314021,0.568479,-0.568479,0.019508,0.025800,-0.669952,0.669952,0.607322,0.607322,-0.507821,0.507821,-0.344316,-0.344316,0.024303,0.024303
-1.404267,-1.455258,-0.108205,0.193062,-0.128655,-0.162294,0.157277,-0.023402,0.522274,1.180406,1.169422,-1.369092,-1.369092,-0.372340,-0.308025,0.563354,-0.563354,0.017609,0.027505,-0.666123,0.666123,0.603681,0.603681,-0.504924,0.504924,-0.331411,-0.331411,0.025334,0.025334
-1.378488,-1.429141,-0.105700,0.190684,-0.128686,-0.158300,0.158188,-0.025370,0.522577,1.159596,1.149638,-1.354218,-1.354218,-0.365400,-0.302352,0.558039,-0.558039,0.015755,0.028951,-0.662869,0.662869,0.600473,0.600473,-0.501404,0.501404,-0.317210,-0.317210,0.026194,0.026194
-1.352423,-1.402888,-0.103026,0.188394,-0.128650,-0.154055,0.159066,-0.027387,0.522932,1.138780,1.129927,-1.339465,-1.339465,-0.358359,-0.296840,0.552394,-0.552394,0.013922,0.030267,-0.660303,0.660303,0.597842,0.597842,-0.497356,0.497356,-0.301943,-0.301943,0.026859,0.026859
-1.324635,-1.374666,-0.100021,0.185984,-0.128912,-0.149206,0.159902,-0.029446,0.523152,1.116967,1.109700,-1.324650,-1.324650,-0.350946,-0.291485,0.546301,-0.546301,0.011971,0.031373,-0.658475,0.658475,0.595861,0.595861,-0.492903,0.492903,-0.285882,-0.285882,0.027282,0.027282
-1.296270,-1.346071,-0.096804,0.183419,-0.129245,-0.144113,0.160708,-0.031608,0.523434,1.095197,1.089403,-1.309654,-1.309654,-0.343668,-0.286139,0.539688,-0.539688,0.009968,0.032500,-0.657356,0.657356,0.594517,0.594517,-0.488180,0.488180,-0.269312,-0.269312,0.027399,0.027399
-1.266751,-1.316729,-0.093164,0.180542,-0.129719,-0.138532,0.161452,-0.033981,0.523839,1.073509,1.068963,-1.294450,-1.294450,-0.336662,-0.280810,0.532546,-0.532546,0.007861,0.033669,-0.656836,0.656836,0.593730,0.593730,-0.483306,0.483306,-0.252514,-0.252514,0.027137,0.027137
-1.236652,-1.286357,-0.089510,0.177499,-0.130196,-0.132716,0.162108,-0.036346,0.524117,1.051106,1.048234,-1.279082,-1.279082,-0.329271,-0.275490,0.524925,-0.524925,0.005594,0.034696,-0.656746,0.656746,0.593372,0.593372,-0.478371,0.478371,-0.235749,-0.235749,0.026430,0.026430
-1.206261,-1.255470,-0.085851,0.174373,-0.130674,-0.126784,0.162720,-0.038707,0.524332,1.028345,1.027361,-1.263588,-1.263588,-0.321688,-0.270176,0.516928,-0.516928,0.003247,0.035654,-0.656899,0.656899,0.593270,0.593270,-0.473420,0.473420,-0.219267,-0.219267,0.025239,0.025239
-1.173935,-1.223225,-0.082312,0.171006,-0.131456,-0.120924,0.163295,-0.041294,0.524855,1.004361,1.005913,-1.247963,-1.247963,-0.314233,-0.264731,0.508708,-0.508708,0.000738,0.036671,-0.657119,0.657119,0.593201,0.593201,-0.468458,0.468458,-0.203308,-0.203308,0.023566,0.023566
-1.141252,-1.190630,-0.078739,0.167458,-0.132289,-0.115067,0.163947,-0.043887,0.525141,0.979980,0.984133,-1.232197,-1.232197,-0.306781,-0.259301,0.500447,-0.500447,-0.001718,0.037800,-0.657253,0.657253,0.592938,0.592938,-0.463460,0.463460,-0.188095,-0.188095,0.021463,0.021463
-1.107855,-1.157339,-0.075095,0.163545,-0.133223,-0.109215,0.164752,-0.046495,0.524952,0.954808,0.961692,-1.216345,-1.216345,-0.299336,-0.253900,0.492333,-0.492333,-0.004069,0.039153,-0.657160,0.657160,0.592309,0.592309,-0.458390,0.458390,-0.173793,-0.173793,0.019022,0.019022
-1.074166,-1.123930,-0.071944,0.159503,-0.134064,-0.103885,0.165349,-0.049240,0.524893,0.929065,0.939146,-1.200525,-1.200525,-0.291719,-0.248339,0.484545,-0.484545,-0.006446,0.040530,-0.656725,0.656725,0.591196,0.591196,-0.453207,0.453207,-0.160505,-0.160505,0.016353,0.016353
-1.040331,-1.090460,-0.069038,0.155394,-0.134858,-0.098814,0.165842,-0.052053,0.524899,0.903038,0.916549,-1.184828,-1.184828,-0.284017,-0.242698,0.477245,-0.477245,-0.008836,0.041920,-0.655878,0.655878,0.589493,0.589493,-0.447867,0.447867,-0.148264,-0.148264,0.013558,0.013558
-1.005425,-1.056587,-0.066468,0.151295,-0.135594,-0.094497,0.166810,-0.054432,0.524990,0.876587,0.893195,-1.169252,-1.169252,-0.276209,-0.236852,0.470551,-0.470551,-0.011180,0.043668,-0.654612,0.654612,0.587115,0.587115,-0.442311,0.442311,-0.137026,-0.137026,0.010705,0.010705
-0.970277,-1.022546,-0.064228,0.146993,-0.136383,-0.090468,0.167811,-0.056762,0.524997,0.849213,0.869432,-1.153715,-1.153715,-0.267967,-0.230753,0.464515,-0.464515,-0.013573,0.045401,-0.652957,0.652957,0.584035,0.584035,-0.436470,0.436470,-0.126670,-0.126670,0.007816,0.007816
-0.934645,-0.988168,-0.062647,0.142290,-0.137279,-0.087015,0.168875,-0.058994,0.524835,0.819994,0.844850,-1.138116,-1.138116,-0.258860,-0.224145,0.459132,-0.459132,-0.016069,0.047105,-0.650956,0.650956,0.580278,0.580278,-0.430264,0.430264,-0.117022,-0.117022,0.004866,0.004866
-0.898276,-0.952865,-0.061321,0.137486,-0.138261,-0.083970,0.170210,-0.061063,0.524749,0.789650,0.819221,-1.122394,-1.122394,-0.249191,-0.217114,0.454364,-0.454364,-0.018483,0.048834,-0.648637,0.648637,0.575879,0.575879,-0.423622,0.423622,-0.107904,-0.107904,0.001794,0.001794
-0.861539,-0.917098,-0.060123,0.132632,-0.139286,-0.081130,0.171681,-0.063052,0.524701,0.758743,0.793070,-1.106537,-1.106537,-0.239240,-0.209870,0.450148,-0.450148,-0.020857,0.050576,-0.646001,0.646001,0.570885,0.570885,-0.416502,0.416502,-0.099161,-0.099161,-0.001478,-0.001478
-0.824128,-0.881214,-0.059438,0.127358,-0.139820,-0.078788,0.173537,-0.064892,0.524901,0.726292,0.766249,-1.090590,-1.090590,-0.228332,-0.202433,0.446401,-0.446401,-0.023097,0.052482,-0.643036,0.643036,0.565365,0.565365,-0.408916,0.408916,-0.090676,-0.090676,-0.005015,-0.005015
-0.786406,-0.845124,-0.058761,0.122193,-0.140431,-0.076443,0.175413,-0.066824,0.525096,0.693317,0.738948,-1.074622,-1.074622,-0.217454,-0.194860,0.443022,-0.443022,-0.025395,0.054411,-0.639726,0.639726,0.559406,0.559406,-0.400938,0.400938,-0.082372,-0.082372,-0.008859,-0.008859
-0.748063,-0.808624,-0.058102,0.117244,-0.141195,-0.074092,0.177329,-0.068941,0.525281,0.659294,0.710685,-1.058705,-1.058705,-0.206636,-0.187016,0.439911,-0.439911,-0.027812,0.056388,-0.636062,0.636062,0.553085,0.553085,-0.392703,0.392703,-0.074206,-0.074206,-0.013018,-0.013018
-0.710120,-0.772379,-0.057047,0.112545,-0.141616,-0.071527,0.179230,-0.071308,0.525563,0.625837,0.682632,-1.042904,-1.042904,-0.196112,-0.179438,0.436972,-0.436972,-0.030212,0.058332,-0.632041,0.632041,0.546461,0.546461,-0.384378,0.384378,-0.066157,-0.066157,-0.017460,-0.017460
-0.672378,-0.736262,-0.055794,0.107971,-0.141866,-0.068855,0.181123,-0.073799,0.525894,0.592664,0.654683,-1.027279,-1.027279,-0.185734,-0.171992,0.434127,-0.434127,-0.032605,0.060260,-0.627652,0.627652,0.539565,0.539565,-0.376141,0.376141,-0.058214,-0.058214,-0.022120,-0.022120
-0.635369,-0.700386,-0.054675,0.104044,-0.141780,-0.065778,0.183224,-0.076462,0.526096,0.560939,0.626568,-1.011866,-1.011866,-0.176416,-0.165283,0.431326,-0.431326,-0.034669,0.062299,-0.622871,0.622871,0.532371,0.532371,-0.368152,0.368152,-0.050372,-0.050372,-0.026902,-0.026902
-0.599044,-0.665034,-0.053509,0.100370,-0.141538,-0.062588,0.185375,-0.078928,0.526189,0.530027,0.598972,-0.996651,-0.996651,-0.167602,-0.159157,0.428559,-0.428559,-0.036607,0.064350,-0.617659,0.617659,0.524769,0.524769,-0.360532,0.360532,-0.042630,-0.042630,-0.031692,-0.031692
-0.564085,-0.630733,-0.052251,0.097197,-0.140983,-0.059171,0.187628,-0.080998,0.526067,0.500742,0.572417,-0.981575,-0.981575,-0.159794,-0.154196,0.425854,-0.425854,-0.038294,0.066424,-0.611965,0.611965,0.516581,0.516581,-0.353360,0.353360,-0.034982,-0.034982,-0.036367,-0.036367
-0.530047,-0.597667,-0.050950,0.094456,-0.140207,-0.055786,0.189984,-0.082586,0.525800,0.473385,0.547295,-0.966556,-0.966556,-0.152931,-0.149798,0.423253,-0.423253,-0.039563,0.068580,-0.605737,0.605737,0.507618,0.507618,-0.346661,0.346661,-0.027396,-0.027396,-0.040811,-0.040811
-0.496469,-0.565220,-0.049628,0.091931,-0.139320,-0.052417,0.192391,-0.083931,0.525460,0.446993,0.522891,-0.951496,-0.951496,-0.146541,-0.145681,0.420804,-0.420804,-0.040624,0.070777,-0.598939,0.598939,0.497710,0.497710,-0.340398,0.340398,-0.019816,-0.019816,-0.044929,-0.044929
-0.465180,-0.534968,-0.049036,0.089891,-0.138086,-0.049308,0.194972,-0.084756,0.524602,0.423163,0.501138,-0.936276,-0.936276,-0.141110,-0.141963,0.418546,-0.418546,-0.041572,0.072911,-0.591569,0.591569,0.486708,0.486708,-0.334453,0.334453,-0.012161,-0.012161,-0.048662,-0.048662
-0.434738,-0.505527,-0.048586,0.087951,-0.136885,-0.046434,0.197473,-0.085483,0.523404,0.400144,0.480376,-0.920745,-0.920745,-0.135867,-0.138216,0.416505,-0.416505,-0.042460,0.074907,-0.583672,0.583672,0.474473,0.474473,-0.328622,0.328622,-0.004350,-0.004350,-0.051992,-0.051992
-0.405988,-0.477704,-0.048422,0.086213,-0.135752,-0.044029,0.199813,-0.086012,0.521528,0.378744,0.461595,-0.904739,-0.904739,-0.131003,-0.134407,0.414674,-0.414674,-0.043232,0.076628,-0.575326,0.575326,0.460899,0.460899,-0.322614,0.322614,0.003698,0.003698,-0.054944,-0.054944
-0.377983,-0.450442,-0.048374,0.084617,-0.134414,-0.041788,0.201973,-0.086280,0.518565,0.357927,0.443126,-0.888098,-0.888098,-0.125920,-0.130400,0.412998,-0.412998,-0.044261,0.077947,-0.566635,0.566635,0.445946,0.445946,-0.316082,0.316082,0.012054,0.012054,-0.057580,-0.057580
-0.350352,-0.423462,-0.048385,0.083092,-0.132974,-0.039629,0.204043,-0.086417,0.515057,0.337401,0.424814,-0.870673,-0.870673,-0.120728,-0.126293,0.411385,-0.411385,-0.045419,0.079066,-0.557713,0.557713,0.429636,0.429636,-0.308673,0.308673,0.020768,0.020768,-0.059989,-0.059989
-0.324738,-0.398505,-0.048743,0.081273,-0.131581,-0.037773,0.205351,-0.086438,0.508822,0.317398,0.406970,-0.852334,-0.852334,-0.115101,-0.122344,0.409708,-0.409708,-0.046936,0.079535,-0.548676,0.548676,0.412030,0.412030,-0.300088,0.300088,0.029856,0.029856,-0.062279,-0.062279
-0.300015,-0.374284,-0.048992,0.079499,-0.130167,-0.035816,0.206428,-0.086555,0.501270,0.297657,0.389149,-0.832980,-0.832980,-0.109562,-0.118533,0.407832,-0.407832,-0.048542,0.079767,-0.539635,0.539635,0.393219,0.393219,-0.290141,0.290141,0.039288,0.039288,-0.064562,-0.064562
-0.277072,-0.351538,-0.049025,0.077815,-0.128709,-0.033654,0.207044,-0.086860,0.491082,0.278440,0.371373,-0.812557,-0.812557,-0.104197,-0.115000,0.405616,-0.405616,-0.050327,0.079525,-0.530699,0.530699,0.373334,0.373334,-0.278786,0.278786,0.049000,0.049000,-0.066948,-0.066948
-0.255899,-0.329882,-0.049070,0.076384,-0.127044,-0.031181,0.207167,-0.087588,0.477454,0.259870,0.353394,-0.791070,-0.791070,-0.099131,-0.111977,0.402930,-0.402930,-0.052283,0.079145,-0.521971,0.521971,0.352564,0.352564,-0.266120,0.266120,0.058904,0.058904,-0.069522,-0.069522
-0.235611,-0.308773,-0.049121,0.075079,-0.125275,-0.028551,0.207042,-0.088527,0.462106,0.241624,0.335314,-0.768578,-0.768578,-0.094215,-0.109209,0.399656,-0.399656,-0.054325,0.078697,-0.513546,0.513546,0.331148,0.331148,-0.252362,0.252362,0.068904,0.068904,-0.072335,-0.072335
-0.215756,-0.287520,-0.048185,0.074701,-0.122881,-0.025679,0.206853,-0.089888,0.445176,0.224989,0.317127,-0.745192,-0.745192,-0.090908,-0.107346,0.395710,-0.395710,-0.056879,0.078620,-0.505501,0.505501,0.309356,0.309356,-0.237807,0.237807,0.078906,0.078906,-0.075388,-0.075388
-0.195649,-0.265783,-0.046935,0.074521,-0.120456,-0.022918,0.206780,-0.091423,0.428553,0.209135,0.299324,-0.721065,-0.721065,-0.088161,-0.106137,0.391043,-0.391043,-0.059325,0.078592,-0.497875,0.497875,0.287468,0.287468,-0.222788,0.222788,0.088831,0.088831,-0.078636,-0.078636
-0.175039,-0.243077,-0.045056,0.074733,-0.117969,-0.020378,0.206941,-0.093309,0.412543,0.194846,0.282291,-0.696393,-0.696393,-0.086536,-0.106233,0.385650,-0.385650,-0.061555,0.078660,-0.490663,0.490663,0.265736,0.265736,-0.207640,0.207640,0.098603,0.098603,-0.082002,-0.082002
-0.154412,-0.220636,-0.042812,0.075091,-0.115498,-0.018212,0.207237,-0.095264,0.397061,0.182054,0.266896,-0.671402,-0.671402,-0.085915,-0.107111,0.379579,-0.379579,-0.063287,0.078698,-0.483808,0.483808,0.244355,0.244355,-0.192675,0.192675,0.108144,0.108144,-0.085399,-0.085399
-0.133776,-0.198329,-0.040384,0.075520,-0.113035,-0.016234,0.207600,-0.097253,0.381843,0.170011,0.252319,-0.646353,-0.646353,-0.085796,-0.108379,0.372936,-0.372936,-0.064769,0.078722,-0.477215,0.477215,0.223439,0.223439,-0.178167,0.178167,0.117356,0.117356,-0.088742,-0.088742
-0.114624,-0.177705,-0.038223,0.076260,-0.110835,-0.014689,0.208063,-0.098954,0.366673,0.160580,0.240194,-0.621522,-0.621522,-0.086732,-0.110574,0.365880,-0.365880,-0.065441,0.078360,-0.470780,0.470780,0.203012,0.203012,-0.164331,0.164331,0.126121,0.126121,-0.091963,-0.091963
-0.096146,-0.157651,-0.036136,0.076999,-0.108713,-0.013280,0.208361,-0.100502,0.351433,0.151963,0.228820,-0.597195,-0.597195,-0.088031,-0.112997,0.358614,-0.358614,-0.066010,0.077979,-0.464412,0.464412,0.183022,0.183022,-0.151310,0.151310,0.134312,0.134312,-0.095011,-0.095011
-0.079017,-0.138737,-0.034194,0.077740,-0.106749,-0.012140,0.208327,-0.101747,0.336054,0.144975,0.218952,-0.573659,-0.573659,-0.090058,-0.115879,0.351363,-0.351363,-0.066372,0.077564,-0.458062,0.458062,0.163392,0.163392,-0.139160,0.139160,0.141826,0.141826,-0.097846,-0.097846
-0.063571,-0.121415,-0.032340,0.078466,-0.105060,-0.011299,0.207861,-0.102902,0.321103,0.140179,0.210958,-0.551206,-0.551206,-0.092936,-0.118944,0.344338,-0.344338,-0.066687,0.077081,-0.451721,0.451721,0.144086,0.144086,-0.127847,0.127847,0.148618,0.148618,-0.100444,-0.100444
-0.048967,-0.104887,-0.030530,0.079186,-0.103509,-0.010607,0.207181,-0.104012,0.306365,0.136478,0.203901,-0.530117,-0.530117,-0.096238,-0.122100,0.337715,-0.337715,-0.066979,0.076563,-0.445414,0.445414,0.125146,0.125146,-0.117262,0.117262,0.154724,0.154724,-0.102797,-0.102797
-0.036412,-0.089917,-0.029938,0.080097,-0.102112,-0.010030,0.205692,-0.105377,0.292224,0.134728,0.198797,-0.510620,-0.510620,-0.099846,-0.125026,0.331623,-0.331623,-0.067697,0.075912,-0.439186,0.439186,0.106652,0.106652,-0.107242,0.107242,0.160253,0.160253,-0.104918,-0.104918
-0.024252,-0.075410,-0.029361,0.081034,-0.100670,-0.009547,0.204275,-0.106798,0.278449,0.133382,0.193992,-0.492839,-0.492839,-0.103450,-0.127828,0.326150,-0.326150,-0.068586,0.075242,-0.433088,0.433088,0.088673,0.088673,-0.097614,0.097614,0.165358,0.165358,-0.106844,-0.106844
-0.012881,-0.061831,-0.028813,0.082024,-0.099138,-0.009249,0.203000,-0.108329,0.265404,0.132842,0.189788,-0.476795,-0.476795,-0.107047,-0.130382,0.321334,-0.321334,-0.069816,0.074535,-0.427159,0.427159,0.071251,0.071251,-0.088226,0.088226,0.170201,0.170201,-0.108626,-0.108626
-0.002039,-0.048969,-0.028185,0.083222,-0.097577,-0.009075,0.202507,-0.109642,0.252989,0.132307,0.185533,-0.462427,-0.462427,-0.110391,-0.132390,0.317170,-0.317170,-0.071144,0.073997,-0.421415,0.421415,0.054412,0.054412,-0.078979,0.078979,0.174925,0.174925,-0.110325,-0.110325
0.008539,-0.036464,-0.027517,0.084522,-0.096003,-0.008963,0.202405,-0.110845,0.240890,0.131774,0.181254,-0.449616,-0.449616,-0.113608,-0.134123,0.313614,-0.313614,-0.072521,0.073544,-0.415844,0.415844,0.038164,0.038164,-0.069836,0.069836,0.179623,0.179623,-0.111998,-0.111998
0.018132,-0.025355,-0.026760,0.086202,-0.093943,-0.008929,0.203037,-0.111298,0.229431,0.131499,0.177006,-0.438195,-0.438195,-0.116826,-0.135434,0.310600,-0.310600,-0.073648,0.072914,-0.410429,0.410429,0.022489,0.022489,-0.060812,0.060812,0.184325,0.184325,-0.113696,-0.113696
0.027317,-0.014757,-0.026052,0.087910,-0.091944,-0.008992,0.203992,-0.111505,0.218306,0.131275,0.172877,-0.427985,-0.427985,-0.120060,-0.136718,0.308050,-0.308050,-0.074636,0.072374,-0.405157,0.405157,0.007341,0.007341,-0.051953,0.051953,0.188994,0.188994,-0.115457,-0.115457
0.035686,-0.005183,-0.025443,0.089674,-0.090064,-0.009247,0.205589,-0.111220,0.207850,0.131155,0.168985,-0.418814,-0.418814,-0.123326,-0.137948,0.305883,-0.305883,-0.075350,0.072013,-0.400031,0.400031,-0.007336,-0.007336,-0.043314,0.043314,0.193546,0.193546,-0.117314,-0.117314
0.043250,0.003412,-0.025033,0.091330,-0.088237,-0.009729,0.207315,-0.110708,0.198237,0.131163,0.165626,-0.410537,-0.410537,-0.126492,-0.139146,0.304025,-0.304025,-0.075797,0.071600,-0.395075,0.395075,-0.021601,-0.021601,-0.034943,0.034943,0.197876,0.197876,-0.119298,-0.119298
0.050413,0.011517,-0.024724,0.092931,-0.086436,-0.010324,0.209104,-0.110084,0.189045,0.131235,0.162533,-0.403037,-0.403037,-0.129609,-0.140329,0.302408,-0.302408,-0.076111,0.071160,-0.390335,0.390335,-0.035502,-0.035502,-0.026869,0.026869,0.201880,0.201880,-0.121442,-0.121442
0.056637,0.018168,-0.024511,0.094367,-0.084969,-0.011083,0.210731,-0.109373,0.181293,0.131823,0.160368,-0.396225,-0.396225,-0.132554,-0.141805,0.300974,-0.300974,-0.076096,0.070756,-0.385865,0.385865,-0.049062,-0.049062,-0.019117,0.019117,0.205475,0.205475,-0.123785,-0.123785
0.062503,0.024328,-0.024311,0.095724,-0.083584,-0.011876,0.212307,-0.108666,0.173952,0.132399,0.158554,-0.390034,-0.390034,-0.135353,-0.143210,0.299675,-0.299675,-0.076043,0.070327,-0.381724,0.381724,-0.062269,-0.062269,-0.011710,0.011710,0.208615,0.208615,-0.126359,-0.126359
0.067651,0.029504,-0.024138,0.096923,-0.082364,-0.012740,0.213782,-0.107970,0.167436,0.132949,0.157444,-0.384409,-0.384409,-0.137861,-0.144475,0.298469,-0.298469,-0.075914,0.069848,-0.377953,0.377953,-0.075076,-0.075076,-0.004682,0.004682,0.211285,0.211285,-0.129186,-0.129186
0.072072,0.033969,-0.024127,0.097960,-0.081315,-0.013616,0.214934,-0.107589,0.161641,0.133558,0.156751,-0.379292,-0.379292,-0.139871,-0.145716,0.297326,-0.297326,-0.075799,0.069269,-0.374579,0.374579,-0.087419,-0.087419,0.001925,-0.001925,0.213506,0.213506,-0.132267,-0.132267
0.076131,0.038078,-0.024197,0.098915,-0.080351,-0.014498,0.215926,-0.107365,0.156206,0.134198,0.156266,-0.374624,-0.374624,-0.141631,-0.146944,0.296223,-0.296223,-0.075691,0.068639,-0.371601,0.371601,-0.099227,-0.099227,0.008061,-0.008061,0.215321,0.215321,-0.135577,-0.135577
0.079527,0.041144,-0.024288,0.099571,-0.079674,-0.015390,0.216895,-0.107064,0.151633,0.134459,0.156339,-0.370341,-0.370341,-0.142777,-0.147909,0.295145,-0.295145,-0.075869,0.068265,-0.368997,0.368997,-0.110436,-0.110436,0.013684,-0.013684,0.216789,0.216789,-0.139066,-0.139066
0.082674,0.044002,-0.024443,0.100104,-0.079115,-0.016286,0.217705,-0.106824,0.147246,0.134573,0.156436,-0.366371,-0.366371,-0.143662,-0.148790,0.294082,-0.294082,-0.076100,0.067959,-0.366732,0.366732,-0.121012,-0.121012,0.018766,-0.018766,0.217977,0.217977,-0.142670,-0.142670
0.085324,0.046446,-0.024724,0.100392,-0.078792,-0.017191,0.218194,-0.106704,0.143229,0.134394,0.156582,-0.362641,-0.362641,-0.144024,-0.149502,0.293028,-0.293028,-0.076434,0.067786,-0.364758,0.364758,-0.130947,-0.130947,0.023298,-0.023298,0.218945,0.218945,-0.146319,-0.146319
0.087790,0.048631,-0.024964,0.100522,-0.078622,-0.017902,0.218574,-0.106458,0.139685,0.134131,0.156541,-0.359085,-0.359085,-0.144225,-0.150078,0.291972,-0.291972,-0.076802,0.067665,-0.363026,0.363026,-0.140251,-0.140251,0.027293,-0.027293,0.219746,0.219746,-0.149948,-0.149948
0.090166,0.050686,-0.025184,0.100573,-0.078529,-0.018516,0.218900,-0.106151,0.136377,0.133824,0.156406,-0.355635,-0.355635,-0.144347,-0.150587,0.290902,-0.290902,-0.077187,0.067569,-0.361491,0.361491,-0.148949,-0.148949,0.030781,-0.030781,0.220411,0.220411,-0.153504,-0.153504
0.092065,0.052222,-0.025663,0.100328,-0.078505,-0.018877,0.218996,-0.105691,0.133664,0.133363,0.156522,-0.352220,-0.352220,-0.144525,-0.150979,0.289799,-0.289799,-0.077363,0.067335,-0.360109,0.360109,-0.157081,-0.157081,0.033804,-0.033804,0.220957,0.220957,-0.156953,-0.156953
0.093830,0.053636,-0.026047,0.100057,-0.078540,-0.019130,0.219081,-0.105243,0.131070,0.132871,0.156475,-0.348763,-0.348763,-0.144681,-0.151285,0.288642,-0.288642,-0.077466,0.067109,-0.358840,0.358840,-0.164698,-0.164698,0.036418,-0.036418,0.221388,0.221388,-0.160276,-0.160276
0.095328,0.054807,-0.026243,0.099734,-0.078689,-0.019166,0.219145,-0.104820,0.128716,0.132318,0.156102,-0.345185,-0.345185,-0.144792,-0.151420,0.287405,-0.287405,-0.077422,0.066900,-0.357639,0.357639,-0.171857,-0.171857,0.038679,-0.038679,0.221704,0.221704,-0.163475,-0.163475
0.096521,0.055705,-0.026462,0.099462,-0.078754,-0.019085,0.219019,-0.104601,0.126743,0.131967,0.155915,-0.341407,-0.341407,-0.144895,-0.151476,0.286053,-0.286053,-0.077274,0.066758,-0.356450,0.356450,-0.178603,-0.178603,0.040639,-0.040639,0.221910,0.221910,-0.166566,-0.166566
0.097562,0.056466,-0.026693,0.099215,-0.078777,-0.018947,0.218798,-0.104484,0.124961,0.131718,0.155822,-0.337365,-0.337365,-0.144996,-0.151494,0.284539,-0.284539,-0.077075,0.066648,-0.355211,0.355211,-0.184967,-0.184967,0.042330,-0.042330,0.222019,0.222019,-0.169575,-0.169575
0.098309,0.057091,-0.026967,0.098843,-0.078908,-0.018757,0.218537,-0.104209,0.123309,0.131253,0.155588,-0.333003,-0.333003,-0.144907,-0.151307,0.282803,-0.282803,-0.076811,0.066769,-0.353848,0.353848,-0.190965,-0.190965,0.043757,-0.043757,0.222054,0.222054,-0.172529,-0.172529
0.098997,0.057712,-0.027356,0.098518,-0.078949,-0.018583,0.218112,-0.103985,0.121717,0.130887,0.155277,-0.328288,-0.328288,-0.144929,-0.151169,0.280769,-0.280769,-0.076526,0.066877,-0.352282,0.352282,-0.196599,-0.196599,0.044885,-0.044885,0.222043,0.222043,-0.175447,-0.175447
0.099563,0.058328,-0.027977,0.098291,-0.078807,-0.018438,0.217357,-0.103863,0.120248,0.130722,0.154814,-0.323213,-0.323213,-0.145172,-0.151128,0.278352,-0.278352,-0.076195,0.066960,-0.350441,0.350441,-0.201857,-0.201857,0.045637,-0.045637,0.222019,0.222019,-0.178333,-0.178333
0.099959,0.058912,-0.028782,0.098073,-0.078761,-0.018333,0.216584,-0.103891,0.118855,0.130538,0.154347,-0.317792,-0.317792,-0.145459,-0.151206,0.275472,-0.275472,-0.075945,0.066994,-0.348263,0.348263,-0.206724,-0.206724,0.045912,-0.045912,0.222015,0.222015,-0.181171,-0.181171
0.100270,0.059479,-0.029679,0.097861,-0.078762,-0.018248,0.215803,-0.103995,0.117501,0.130343,0.153877,-0.312055,-0.312055,-0.145767,-0.151343,0.272065,-0.272065,-0.075736,0.067003,-0.345716,0.345716,-0.211191,-0.211191,0.045607,-0.045607,0.222063,0.222063,-0.183927,-0.183927
0.100545,0.059965,-0.030317,0.097756,-0.078862,-0.018292,0.214993,-0.104239,0.116394,0.130145,0.153677,-0.306061,-0.306061,-0.146229,-0.151868,0.268101,-0.268101,-0.075627,0.067067,-0.342796,0.342796,-0.215242,-0.215242,0.044656,-0.044656,0.222192,0.222192,-0.186565,-0.186565
0.100753,0.060393,-0.030884,0.097620,-0.078977,-0.018339,0.214249,-0.104489,0.115394,0.130028,0.153552,-0.299909,-0.299909,-0.146667,-0.152481,0.263590,-0.263590,-0.075549,0.067150,-0.339528,0.339528,-0.218837,-0.218837,0.043064,-0.043064,0.222426,0.222426,-0.189059,-0.189059
0.100828,0.060706,-0.031309,0.097421,-0.079121,-0.018394,0.213635,-0.104748,0.114606,0.130071,0.153578,-0.293734,-0.293734,-0.147059,-0.153268,0.258591,-0.258591,-0.075533,0.067272,-0.335970,0.335970,-0.221917,-0.221917,0.040934,-0.040934,0.222784,0.222784,-0.191412,-0.191412
0.100768,0.060872,-0.031867,0.097288,-0.079313,-0.018398,0.212815,-0.105138,0.113957,0.130220,0.153824,-0.287674,-0.287674,-0.147340,-0.154343,0.253219,-0.253219,-0.075474,0.067232,-0.332213,0.332213,-0.224439,-0.224439,0.038474,-0.038474,0.223261,0.223261,-0.193663,-0.193663
0.100642,0.060966,-0.032492,0.097189,-0.079530,-0.018377,0.211892,-0.105593,0.113379,0.130422,0.154181,-0.281853,-0.281853,-0.147567,-0.155562,0.247633,-0.247633,-0.075392,0.067110,-0.328378,0.328378,-0.226400,-0.226400,0.035968,-0.035968,0.223834,0.223834,-0.195889,-0.195889
0.100278,0.060803,-0.032569,0.097036,-0.079677,-0.018121,0.211259,-0.105713,0.112774,0.130730,0.154719,-0.276388,-0.276388,-0.148024,-0.156732,0.242018,-0.242018,-0.075213,0.066985,-0.324599,0.324599,-0.227821,-0.227821,0.033734,-0.033734,0.224464,0.224464,-0.198192,-0.198192
0.099981,0.060599,-0.032748,0.096887,-0.079793,-0.017794,0.210695,-0.105768,0.112111,0.131016,0.155230,-0.271396,-0.271396,-0.148444,-0.157750,0.236555,-0.236555,-0.075109,0.066853,-0.321000,0.321000,-0.228727,-0.228727,0.032061,-0.032061,0.225111,0.225111,-0.200682,-0.200682
0.099817,0.060312,-0.033134,0.096743,-0.079847,-0.017322,0.210264,-0.105690,0.111331,0.131256,0.155687,-0.266972,-0.266972,-0.148793,-0.158463,0.231401,-0.231401,-0.075155,0.066709,-0.317692,0.317692,-0.229167,-0.229167,0.031162,-0.031162,0.225739,0.225739,-0.203457,-0.203457
0.099666,0.060055,-0.033504,0.096582,-0.079988,-0.016817,0.209963,-0.105674,0.110550,0.131343,0.156083,-0.263171,-0.263171,-0.148914,-0.159081,0.226678,-0.226678,-0.075366,0.066782,-0.314757,0.314757,-0.229237,-0.229237,0.031131,-0.031131,0.226318,0.226318,-0.206590,-0.206590
0.099520,0.059813,-0.033865,0.096412,-0.080173,-0.016295,0.209726,-0.105689,0.109770,0.131355,0.156448,-0.260007,-0.260007,-0.148922,-0.159650,0.222462,-0.222462,-0.075659,0.066962,-0.312246,0.312246,-0.229067,-0.229067,0.031941,-0.031941,0.226826,0.226826,-0.210113,-0.210113
0.099557,0.059703,-0.034356,0.096343,-0.080304,-0.015812,0.209504,-0.105752,0.109080,0.131646,0.156886,-0.257465,-0.257465,-0.148961,-0.160230,0.218786,-0.218786,-0.076379,0.067092,-0.310173,0.310173,-0.228796,-0.228796,0.033458,-0.033458,0.227254,0.227254,-0.214018,-0.214018
0.099771,0.059722,-0.034818,0.096224,-0.080475,-0.015337,0.209342,-0.105764,0.108354,0.131865,0.157329,-0.255501,-0.255501,-0.148962,-0.160781,0.215639,-0.215639,-0.077076,0.067230,-0.308517,0.308517,-0.228557,-0.228557,0.035474,-0.035474,0.227599,0.227599,-0.218247,-0.218247
0.100339,0.059997,-0.035223,0.096005,-0.080723,-0.014881,0.209303,-0.105674,0.107554,0.131942,0.157779,-0.254044,-0.254044,-0.148885,-0.161277,0.212986,-0.212986,-0.077729,0.067384,-0.307233,0.307233,-0.228470,-0.228470,0.037748,-0.037748,0.227865,0.227865,-0.222703,-0.222703
0.101041,0.060308,-0.035426,0.095816,-0.081031,-0.014458,0.209252,-0.105688,0.106883,0.132070,0.158375,-0.253007,-0.253007,-0.148906,-0.161790,0.210771,-0.210771,-0.078207,0.067496,-0.306265,0.306265,-0.228620,-0.228620,0.040044,-0.040044,0.228053,0.228053,-0.227257,-0.227257
0.101809,0.060637,-0.035529,0.095641,-0.081369,-0.014052,0.209197,-0.105755,0.106276,0.132223,0.159043,-0.252292,-0.252292,-0.148976,-0.162311,0.208934,-0.208934,-0.078598,0.067586,-0.305545,0.305545,-0.229057,-0.229057,0.042160,-0.042160,0.228162,0.228162,-0.231765,-0.231765
0.102595,0.061341,-0.035451,0.095469,-0.081523,-0.013684,0.208763,-0.106121,0.105851,0.132737,0.159663,-0.251804,-0.251804,-0.149141,-0.162726,0.207413,-0.207413,-0.078629,0.067580,-0.305010,0.305010,-0.229798,-0.229798,0.043955,-0.043955,0.228184,0.228184,-0.236082,-0.236082
0.103454,0.062168,-0.035318,0.095362,-0.081674,-0.013304,0.208284,-0.106541,0.105462,0.133270,0.160274,-0.251453,-0.251453,-0.149377,-0.163115,0.206155,-0.206155,-0.078631,0.067587,-0.304605,0.304605,-0.230833,-0.230833,0.045360,-0.045360,0.228107,0.228107,-0.240081,-0.240081
0.104459,0.063244,-0.035076,0.095383,-0.081820,-0.012902,0.207714,-0.107069,0.105144,0.133838,0.160867,-0.251164,-0.251164,-0.149754,-0.163449,0.205117,-0.205117,-0.078574,0.067619,-0.304284,0.304284,-0.232132,-0.232132,0.046384,-0.046384,0.227910,0.227910,-0.243662,-0.243662
0.105475,0.064352,-0.034643,0.095522,-0.081945,-0.012544,0.206994,-0.107700,0.104789,0.134208,0.161403,-0.250888,-0.250888,-0.150231,-0.163681,0.204265,-0.204265,-0.078493,0.067668,-0.304014,0.304014,-0.233644,-0.233644,0.047104,-0.047104,0.227572,0.227572,-0.246760,-0.246760
0.106498,0.065475,-0.034116,0.095722,-0.082060,-0.012207,0.206198,-0.108382,0.104415,0.134478,0.161910,-0.250598,-0.250598,-0.150757,-0.163860,0.203574,-0.203574,-0.078400,0.067725,-0.303778,0.303778,-0.235311,-0.235311,0.047648,-0.047648,0.227071,0.227071,-0.249344,-0.249344
0.107615,0.066709,-0.033615,0.095837,-0.082055,-0.011974,0.205600,-0.108936,0.103997,0.134698,0.162468,-0.250289,-0.250289,-0.151315,-0.164430,0.203030,-0.203030,-0.078269,0.067870,-0.303572,0.303572,-0.237077,-0.237077,0.048165,-0.048165,0.226383,0.226383,-0.251417,-0.251417
0.108835,0.067987,-0.033103,0.095942,-0.082094,-0.011805,0.205096,-0.109584,0.103582,0.134827,0.163010,-0.249974,-0.249974,-0.151874,-0.164979,0.202624,-0.202624,-0.078237,0.068009,-0.303401,0.303401,-0.238888,-0.238888,0.048791,-0.048791,0.225488,0.225488,-0.253005,-0.253005
0.110260,0.069352,-0.032570,0.096029,-0.082219,-0.011763,0.204778,-0.110420,0.103172,0.134776,0.163520,-0.249676,-0.249676,-0.152434,-0.165488,0.202344,-0.202344,-0.078400,0.068135,-0.303272,0.303272,-0.240688,-0.240688,0.049617,-0.049617,0.224374,0.224374,-0.254155,-0.254155
0.111636,0.070680,-0.032073,0.096030,-0.082386,-0.011777,0.204510,-0.111266,0.102795,0.134586,0.163928,-0.249427,-0.249427,-0.152812,-0.166159,0.202181,-0.202181,-0.078582,0.068224,-0.303190,0.303190,-0.242427,-0.242427,0.050664,-0.050664,0.223037,0.223037,-0.254924,-0.254924
0.112987,0.071988,-0.031595,0.095988,-0.082574,-0.011818,0.204268,-0.112117,0.102435,0.134327,0.164286,-0.249252,-0.249252,-0.153100,-0.166911,0.202127,-0.202127,-0.078773,0.068294,-0.303149,0.303149,-0.244075,-0.244075,0.051879,-0.051879,0.221481,0.221481,-0.255381,-0.255381
0.113972,0.073257,-0.031224,0.096069,-0.082740,-0.011891,0.203845,-0.113191,0.102061,0.134182,0.164711,-0.249161,-0.249161,-0.153146,-0.167568,0.202176,-0.202176,-0.078904,0.068263,-0.303135,0.303135,-0.245623,-0.245623,0.053149,-0.053149,0.219710,0.219710,-0.255596,-0.255596
0.114794,0.074500,-0.030888,0.096163,-0.082848,-0.011953,0.203374,-0.114257,0.101640,0.134079,0.164959,-0.249161,-0.249161,-0.153149,-0.168127,0.202327,-0.202327,-0.079002,0.068258,-0.303117,0.303117,-0.247083,-0.247083,0.054313,-0.054313,0.217723,0.217723,-0.255637,-0.255637
0.115290,0.075692,-0.030622,0.096281,-0.082840,-0.011992,0.202810,-0.115303,0.101124,0.134056,0.164854,-0.249250,-0.249250,-0.153064,-0.168489,0.202578,-0.202578,-0.079033,0.068306,-0.303051,0.303051,-0.248484,-0.248484,0.055202,-0.055202,0.215514,0.215514,-0.255567,-0.255567
0.115650,0.076776,-0.030226,0.096455,-0.082813,-0.012004,0.202208,-0.116244,0.100586,0.134056,0.164574,-0.249419,-0.249419,-0.152899,-0.168571,0.202931,-0.202931,-0.078990,0.068411,-0.302881,0.302881,-0.249875,-0.249875,0.055654,-0.055654,0.213074,0.213074,-0.255437,-0.255437
0.115940,0.077806,-0.029765,0.096656,-0.082777,-0.012004,0.201589,-0.117133,0.100038,0.134065,0.164207,-0.249649,-0.249649,-0.152692,-0.168512,0.203384,-0.203384,-0.078910,0.068544,-0.302545,0.302545,-0.251310,-0.251310,0.055552,-0.055552,0.210399,0.210399,-0.255283,-0.255283
0.116139,0.078868,-0.029150,0.096786,-0.082593,-0.012039,0.200921,-0.117712,0.099615,0.134125,0.163069,-0.249916,-0.249916,-0.152554,-0.167906,0.203927,-0.203927,-0.078805,0.068906,-0.301982,0.301982,-0.252835,-0.252835,0.054839,-0.054839,0.207516,0.207516,-0.255130,-0.255130
0.116228,0.079851,-0.028580,0.096867,-0.082371,-0.012149,0.200190,-0.118132,0.099181,0.134236,0.161886,-0.250187,-0.250187,-0.152305,-0.167306,0.204545,-0.204545,-0.078717,0.069262,-0.301144,0.301144,-0.254472,-0.254472,0.053542,-0.053542,0.204487,0.204487,-0.254989,-0.254989
0.116098,0.080677,-0.028097,0.096854,-0.082072,-0.012410,0.199333,-0.118232,0.098727,0.134454,0.160613,-0.250428,-0.250428,-0.151833,-0.166719,0.205209,-0.205209,-0.078661,0.069606,-0.300025,0.300025,-0.256209,-0.256209,0.051776,-0.051776,0.201427,0.201427,-0.254867,-0.254867
0.115846,0.081363,-0.027869,0.096948,-0.081793,-0.012722,0.198874,-0.118222,0.098532,0.134733,0.159675,-0.250611,-0.250611,-0.151001,-0.166499,0.205882,-0.205882,-0.078599,0.069953,-0.298669,0.298669,-0.257980,-0.257980,0.049738,-0.049738,0.198490,0.198490,-0.254761,-0.254761
0.115533,0.081979,-0.027767,0.097094,-0.081524,-0.013062,0.198615,-0.118157,0.098466,0.135044,0.158904,-0.250723,-0.250723,-0.149990,-0.166461,0.206513,-0.206513,-0.078533,0.070300,-0.297196,0.297196,-0.259657,-0.259657,0.047674,-0.047674,0.195858,0.195858,-0.254671,-0.254671
0.115421,0.082621,-0.027388,0.097476,-0.081160,-0.013601,0.199575,-0.117660,0.098579,0.135944,0.158354,-0.250783,-0.250783,-0.149288,-0.166909,0.207044,-0.207044,-0.078385,0.071135,-0.295788,0.295788,-0.261069,-0.261069,0.045844,-0.045844,0.193712,0.193712,-0.254598,-0.254598
0.115327,0.083210,-0.027254,0.097834,-0.080806,-0.014187,0.200816,-0.117001,0.098639,0.136701,0.157921,-0.250819,-0.250819,-0.148458,-0.167491,0.207423,-0.207423,-0.078159,0.072036,-0.294664,0.294664,-0.262058,-0.262058,0.044481,-0.044481,0.192204,0.192204,-0.254543,-0.254543
0.115269,0.083696,-0.027613,0.098142,-0.080474,-0.014865,0.202618,-0.116019,0.098597,0.137172,0.157722,-0.250843,-0.250843,-0.147372,-0.168342,0.207618,-0.207618,-0.077776,0.073067,-0.294035,0.294035,-0.262552,-0.262552,0.043754,-0.043754,0.191430,0.191430,-0.254514,-0.254514
